Order Date,Exchange Rate,Inflation Rate
2019-01-01,384.84,11.53
2019-01-02,384.26290322580644,11.517096774193547
2019-01-03,383.6858064516129,11.504193548387097
2019-01-04,383.1087096774193,11.491290322580644
2019-01-05,382.5316129032258,11.478387096774194
2019-01-06,381.95451612903224,11.465483870967741
2019-01-07,381.3774193548387,11.45258064516129
2019-01-08,380.8003225806451,11.439677419354839
2019-01-09,380.2232258064516,11.426774193548386
2019-01-10,379.64612903225805,11.413870967741936
2019-01-11,379.0690322580645,11.400967741935483
2019-01-12,378.491935483871,11.388064516129033
2019-01-13,377.9148387096774,11.37516129032258
2019-01-14,377.33774193548385,11.362258064516128
2019-01-15,376.7606451612903,11.349354838709678
2019-01-16,376.1835483870968,11.336451612903225
2019-01-17,375.6064516129032,11.323548387096775
2019-01-18,375.02935483870965,11.310645161290322
2019-01-19,374.4522580645161,11.297741935483872
2019-01-20,373.8751612903226,11.28483870967742
2019-01-21,373.298064516129,11.271935483870967
2019-01-22,372.72096774193545,11.259032258064517
2019-01-23,372.1438709677419,11.246129032258064
2019-01-24,371.5667741935484,11.233225806451614
2019-01-25,370.98967741935485,11.220322580645162
2019-01-26,370.41258064516126,11.20741935483871
2019-01-27,369.8354838709677,11.194516129032259
2019-01-28,369.2583870967742,11.181612903225806
2019-01-29,368.68129032258065,11.168709677419356
2019-01-30,368.10419354838706,11.155806451612904
2019-01-31,367.5270967741935,11.142903225806453
2019-02-01,366.95,11.13
2019-02-02,368.8489285714286,11.157142857142858
2019-02-03,370.74785714285713,11.184285714285714
2019-02-04,372.6467857142857,11.211428571428572
2019-02-05,374.54571428571427,11.23857142857143
2019-02-06,376.44464285714287,11.265714285714287
2019-02-07,378.3435714285714,11.292857142857144
2019-02-08,380.2425,11.32
2019-02-09,382.14142857142855,11.347142857142858
2019-02-10,384.04035714285715,11.374285714285715
2019-02-11,385.9392857142857,11.401428571428571
2019-02-12,387.8382142857143,11.428571428571429
2019-02-13,389.7371428571428,11.455714285714286
2019-02-14,391.6360714285714,11.482857142857144
2019-02-15,393.53499999999997,11.510000000000002
2019-02-16,395.43392857142857,11.537142857142857
2019-02-17,397.33285714285716,11.564285714285715
2019-02-18,399.2317857142857,11.591428571428573
2019-02-19,401.1307142857143,11.618571428571428
2019-02-20,403.02964285714285,11.645714285714286
2019-02-21,404.92857142857144,11.672857142857143
2019-02-22,406.8275,11.700000000000001
2019-02-23,408.7264285714286,11.727142857142859
2019-02-24,410.6253571428571,11.754285714285714
2019-02-25,412.5242857142857,11.781428571428572
2019-02-26,414.42321428571427,11.80857142857143
2019-02-27,416.32214285714286,11.835714285714285
2019-02-28,418.22107142857146,11.862857142857143
2019-03-01,420.12,11.89
2019-03-02,421.97903225806454,11.79483870967742
2019-03-03,423.838064516129,11.69967741935484
2019-03-04,425.69709677419354,11.604516129032259
2019-03-05,427.55612903225807,11.509354838709678
2019-03-06,429.4151612903226,11.414193548387097
2019-03-07,431.2741935483871,11.319032258064517
2019-03-08,433.1332258064516,11.223870967741936
2019-03-09,434.99225806451614,11.128709677419355
2019-03-10,436.85129032258067,11.033548387096774
2019-03-11,438.71032258064514,10.938387096774195
2019-03-12,440.56935483870967,10.843225806451613
2019-03-13,442.4283870967742,10.748064516129032
2019-03-14,444.28741935483873,10.652903225806451
2019-03-15,446.1464516129032,10.557741935483872
2019-03-16,448.00548387096774,10.46258064516129
2019-03-17,449.86451612903227,10.36741935483871
2019-03-18,451.7235483870968,10.272258064516128
2019-03-19,453.5825806451613,10.177096774193549
2019-03-20,455.4416129032258,10.081935483870968
2019-03-21,457.30064516129033,9.986774193548387
2019-03-22,459.15967741935486,9.891612903225806
2019-03-23,461.01870967741934,9.796451612903226
2019-03-24,462.87774193548387,9.701290322580645
2019-03-25,464.7367741935484,9.606129032258064
2019-03-26,466.59580645161293,9.510967741935485
2019-03-27,468.4548387096774,9.415806451612903
2019-03-28,470.31387096774193,9.320645161290322
2019-03-29,472.17290322580646,9.225483870967741
2019-03-30,474.03193548387094,9.13032258064516
2019-03-31,475.89096774193547,9.03516129032258
2019-04-01,477.75,8.94
2019-04-02,475.28366666666665,9.034333333333333
2019-04-03,472.81733333333335,9.128666666666666
2019-04-04,470.351,9.222999999999999
2019-04-05,467.88466666666665,9.317333333333332
2019-04-06,465.41833333333335,9.411666666666665
2019-04-07,462.952,9.506
2019-04-08,460.48566666666665,9.600333333333333
2019-04-09,458.01933333333335,9.694666666666667
2019-04-10,455.553,9.789
2019-04-11,453.08666666666664,9.883333333333333
2019-04-12,450.62033333333335,9.977666666666666
2019-04-13,448.154,10.072
2019-04-14,445.68766666666664,10.166333333333332
2019-04-15,443.22133333333335,10.260666666666665
2019-04-16,440.755,10.355
2019-04-17,438.28866666666664,10.449333333333334
2019-04-18,435.82233333333335,10.543666666666667
2019-04-19,433.356,10.638
2019-04-20,430.88966666666664,10.732333333333333
2019-04-21,428.42333333333335,10.826666666666666
2019-04-22,425.957,10.921
2019-04-23,423.49066666666664,11.015333333333333
2019-04-24,421.02433333333335,11.109666666666666
2019-04-25,418.558,11.204
2019-04-26,416.09166666666664,11.298333333333332
2019-04-27,413.62533333333334,11.392666666666667
2019-04-28,411.159,11.487
2019-04-29,408.6926666666667,11.581333333333333
2019-04-30,406.22633333333334,11.675666666666666
2019-05-01,403.76,11.77
2019-05-02,404.2074193548387,11.803548387096773
2019-05-03,404.6548387096774,11.837096774193547
2019-05-04,405.1022580645161,11.870645161290323
2019-05-05,405.54967741935485,11.904193548387097
2019-05-06,405.99709677419355,11.93774193548387
2019-05-07,406.44451612903225,11.971290322580645
2019-05-08,406.89193548387095,12.004838709677419
2019-05-09,407.33935483870965,12.038387096774194
2019-05-10,407.78677419354835,12.071935483870968
2019-05-11,408.2341935483871,12.105483870967742
2019-05-12,408.6816129032258,12.139032258064516
2019-05-13,409.1290322580645,12.17258064516129
2019-05-14,409.5764516129032,12.206129032258065
2019-05-15,410.0238709677419,12.23967741935484
2019-05-16,410.4712903225806,12.273225806451613
2019-05-17,410.9187096774194,12.306774193548387
2019-05-18,411.3661290322581,12.34032258064516
2019-05-19,411.8135483870968,12.373870967741937
2019-05-20,412.2609677419355,12.40741935483871
2019-05-21,412.7083870967742,12.440967741935484
2019-05-22,413.1558064516129,12.474516129032258
2019-05-23,413.60322580645163,12.508064516129032
2019-05-24,414.05064516129033,12.541612903225808
2019-05-25,414.49806451612903,12.575161290322582
2019-05-26,414.94548387096773,12.608709677419355
2019-05-27,415.39290322580644,12.64225806451613
2019-05-28,415.84032258064514,12.675806451612903
2019-05-29,416.28774193548384,12.709354838709679
2019-05-30,416.7351612903226,12.742903225806453
2019-05-31,417.1825806451613,12.776451612903227
2019-06-01,417.63,12.81
2019-06-02,421.1143333333333,12.871666666666668
2019-06-03,424.59866666666665,12.933333333333334
2019-06-04,428.08299999999997,12.995000000000001
2019-06-05,431.56733333333335,13.056666666666667
2019-06-06,435.0516666666667,13.118333333333334
2019-06-07,438.536,13.18
2019-06-08,442.0203333333333,13.241666666666667
2019-06-09,445.50466666666665,13.303333333333335
2019-06-10,448.989,13.365
2019-06-11,452.4733333333333,13.426666666666668
2019-06-12,455.9576666666667,13.488333333333333
2019-06-13,459.442,13.55
2019-06-14,462.92633333333333,13.611666666666666
2019-06-15,466.41066666666666,13.673333333333334
2019-06-16,469.895,13.735
2019-06-17,473.3793333333333,13.796666666666667
2019-06-18,476.86366666666663,13.858333333333334
2019-06-19,480.34799999999996,13.92
2019-06-20,483.8323333333333,13.981666666666667
2019-06-21,487.31666666666666,14.043333333333333
2019-06-22,490.801,14.105
2019-06-23,494.2853333333333,14.166666666666668
2019-06-24,497.76966666666664,14.228333333333333
2019-06-25,501.25399999999996,14.290000000000001
2019-06-26,504.7383333333333,14.351666666666667
2019-06-27,508.22266666666667,14.413333333333334
2019-06-28,511.707,14.475
2019-06-29,515.1913333333333,14.536666666666667
2019-06-30,518.6756666666666,14.598333333333333
2019-07-01,522.16,14.66
2019-07-02,521.298064516129,14.569354838709678
2019-07-03,520.436129032258,14.478709677419355
2019-07-04,519.574193548387,14.388064516129033
2019-07-05,518.712258064516,14.29741935483871
2019-07-06,517.8503225806452,14.206774193548387
2019-07-07,516.9883870967742,14.116129032258065
2019-07-08,516.1264516129032,14.025483870967742
2019-07-09,515.2645161290322,13.93483870967742
2019-07-10,514.4025806451613,13.844193548387096
2019-07-11,513.5406451612903,13.753548387096775
2019-07-12,512.6787096774193,13.662903225806451
2019-07-13,511.8167741935484,13.572258064516129
2019-07-14,510.9548387096774,13.481612903225805
2019-07-15,510.0929032258064,13.390967741935484
2019-07-16,509.23096774193544,13.300322580645162
2019-07-17,508.3690322580645,13.209677419354838
2019-07-18,507.50709677419354,13.119032258064516
2019-07-19,506.64516129032256,13.028387096774193
2019-07-20,505.7832258064516,12.93774193548387
2019-07-21,504.9212903225806,12.847096774193549
2019-07-22,504.0593548387097,12.756451612903225
2019-07-23,503.1974193548387,12.665806451612903
2019-07-24,502.3354838709677,12.57516129032258
2019-07-25,501.47354838709674,12.484516129032258
2019-07-26,500.6116129032258,12.393870967741936
2019-07-27,499.74967741935484,12.303225806451612
2019-07-28,498.88774193548386,12.212580645161289
2019-07-29,498.0258064516129,12.121935483870967
2019-07-30,497.16387096774196,12.031290322580645
2019-07-31,496.301935483871,11.940645161290321
2019-08-01,495.44,11.85
2019-08-02,493.8922580645161,11.841290322580646
2019-08-03,492.34451612903223,11.83258064516129
2019-08-04,490.7967741935484,11.823870967741936
2019-08-05,489.2490322580645,11.81516129032258
2019-08-06,487.70129032258063,11.806451612903226
2019-08-07,486.15354838709675,11.79774193548387
2019-08-08,484.6058064516129,11.789032258064516
2019-08-09,483.05806451612904,11.78032258064516
2019-08-10,481.51032258064515,11.771612903225806
2019-08-11,479.96258064516127,11.76290322580645
2019-08-12,478.4148387096774,11.754193548387097
2019-08-13,476.86709677419356,11.745483870967742
2019-08-14,475.31935483870967,11.736774193548387
2019-08-15,473.7716129032258,11.728064516129033
2019-08-16,472.2238709677419,11.719354838709677
2019-08-17,470.6761290322581,11.710645161290323
2019-08-18,469.1283870967742,11.701935483870967
2019-08-19,467.5806451612903,11.693225806451613
2019-08-20,466.0329032258064,11.684516129032257
2019-08-21,464.4851612903226,11.675806451612903
2019-08-22,462.9374193548387,11.66709677419355
2019-08-23,461.3896774193548,11.658387096774193
2019-08-24,459.84193548387094,11.64967741935484
2019-08-25,458.29419354838706,11.640967741935484
2019-08-26,456.74645161290323,11.63225806451613
2019-08-27,455.19870967741934,11.623548387096774
2019-08-28,453.65096774193546,11.61483870967742
2019-08-29,452.1032258064516,11.606129032258064
2019-08-30,450.55548387096775,11.59741935483871
2019-08-31,449.00774193548386,11.588709677419354
2019-09-01,447.46,11.58
2019-09-02,449.609,11.601333333333333
2019-09-03,451.758,11.622666666666667
2019-09-04,453.907,11.644
2019-09-05,456.056,11.665333333333333
2019-09-06,458.205,11.686666666666667
2019-09-07,460.354,11.708
2019-09-08,462.503,11.729333333333333
2019-09-09,464.652,11.750666666666667
2019-09-10,466.801,11.772
2019-09-11,468.95,11.793333333333333
2019-09-12,471.099,11.814666666666668
2019-09-13,473.248,11.836
2019-09-14,475.397,11.857333333333333
2019-09-15,477.546,11.878666666666668
2019-09-16,479.695,11.9
2019-09-17,481.844,11.921333333333333
2019-09-18,483.993,11.942666666666668
2019-09-19,486.142,11.964
2019-09-20,488.291,11.985333333333333
2019-09-21,490.44,12.006666666666668
2019-09-22,492.589,12.028
2019-09-23,494.738,12.049333333333333
2019-09-24,496.887,12.070666666666668
2019-09-25,499.036,12.092
2019-09-26,501.185,12.113333333333333
2019-09-27,503.334,12.134666666666668
2019-09-28,505.483,12.156
2019-09-29,507.632,12.177333333333333
2019-09-30,509.781,12.198666666666668
2019-10-01,511.93,12.22
2019-10-02,510.7548387096774,12.294193548387097
2019-10-03,509.5796774193548,12.368387096774194
2019-10-04,508.4045161290323,12.442580645161291
2019-10-05,507.2293548387097,12.516774193548388
2019-10-06,506.0541935483871,12.590967741935485
2019-10-07,504.8790322580645,12.665161290322581
2019-10-08,503.7038709677419,12.739354838709678
2019-10-09,502.5287096774194,12.813548387096775
2019-10-10,501.3535483870968,12.887741935483872
2019-10-11,500.1783870967742,12.961935483870969
2019-10-12,499.0032258064516,13.036129032258065
2019-10-13,497.828064516129,13.110322580645162
2019-10-14,496.6529032258065,13.184516129032259
2019-10-15,495.4777419354839,13.258709677419354
2019-10-16,494.3025806451613,13.33290322580645
2019-10-17,493.1274193548387,13.407096774193548
2019-10-18,491.9522580645161,13.481290322580644
2019-10-19,490.7770967741935,13.555483870967741
2019-10-20,489.601935483871,13.629677419354838
2019-10-21,488.4267741935484,13.703870967741935
2019-10-22,487.2516129032258,13.778064516129032
2019-10-23,486.0764516129032,13.852258064516128
2019-10-24,484.9012903225806,13.926451612903225
2019-10-25,483.7261290322581,14.000645161290322
2019-10-26,482.5509677419355,14.074838709677419
2019-10-27,481.3758064516129,14.149032258064516
2019-10-28,480.2006451612903,14.223225806451612
2019-10-29,479.0254838709677,14.29741935483871
2019-10-30,477.8503225806452,14.371612903225806
2019-10-31,476.6751612903226,14.445806451612903
2019-11-01,475.5,14.52
2019-11-02,475.9583333333333,14.496333333333332
2019-11-03,476.4166666666667,14.472666666666667
2019-11-04,476.875,14.449
2019-11-05,477.3333333333333,14.425333333333333
2019-11-06,477.7916666666667,14.401666666666667
2019-11-07,478.25,14.378
2019-11-08,478.7083333333333,14.354333333333333
2019-11-09,479.1666666666667,14.330666666666666
2019-11-10,479.625,14.307
2019-11-11,480.0833333333333,14.283333333333333
2019-11-12,480.5416666666667,14.259666666666666
2019-11-13,481.0,14.236
2019-11-14,481.4583333333333,14.212333333333333
2019-11-15,481.9166666666667,14.188666666666666
2019-11-16,482.375,14.165
2019-11-17,482.8333333333333,14.141333333333334
2019-11-18,483.2916666666667,14.117666666666667
2019-11-19,483.75,14.094
2019-11-20,484.2083333333333,14.070333333333334
2019-11-21,484.6666666666667,14.046666666666667
2019-11-22,485.125,14.023
2019-11-23,485.5833333333333,13.999333333333334
2019-11-24,486.0416666666667,13.975666666666667
2019-11-25,486.5,13.952
2019-11-26,486.9583333333333,13.928333333333335
2019-11-27,487.4166666666667,13.904666666666667
2019-11-28,487.875,13.881
2019-11-29,488.3333333333333,13.857333333333333
2019-11-30,488.7916666666667,13.833666666666668
2019-12-01,489.25,13.81
2019-12-02,490.83870967741933,13.774193548387098
2019-12-03,492.4274193548387,13.738387096774193
2019-12-04,494.01612903225805,13.70258064516129
2019-12-05,495.60483870967744,13.666774193548388
2019-12-06,497.19354838709677,13.630967741935484
2019-12-07,498.7822580645161,13.595161290322581
2019-12-08,500.3709677419355,13.559354838709677
2019-12-09,501.9596774193548,13.523548387096774
2019-12-10,503.5483870967742,13.487741935483871
2019-12-11,505.13709677419354,13.451935483870967
2019-12-12,506.7258064516129,13.416129032258064
2019-12-13,508.31451612903226,13.380322580645162
2019-12-14,509.9032258064516,13.344516129032257
2019-12-15,511.491935483871,13.308709677419355
2019-12-16,513.0806451612904,13.272903225806452
2019-12-17,514.6693548387096,13.237096774193548
2019-12-18,516.258064516129,13.201290322580645
2019-12-19,517.8467741935484,13.165483870967742
2019-12-20,519.4354838709677,13.129677419354838
2019-12-21,521.0241935483871,13.093870967741935
2019-12-22,522.6129032258065,13.058064516129033
2019-12-23,524.2016129032259,13.022258064516128
2019-12-24,525.7903225806451,12.986451612903226
2019-12-25,527.3790322580645,12.950645161290321
2019-12-26,528.9677419354839,12.914838709677419
2019-12-27,530.5564516129032,12.879032258064516
2019-12-28,532.1451612903226,12.843225806451612
2019-12-29,533.733870967742,12.807419354838709
2019-12-30,535.3225806451613,12.771612903225806
2019-12-31,536.9112903225806,12.735806451612902
2020-01-01,538.5,12.7
2020-01-02,535.4709677419355,12.756129032258064
2020-01-03,532.441935483871,12.812258064516127
2020-01-04,529.4129032258064,12.868387096774192
2020-01-05,526.3838709677419,12.924516129032257
2020-01-06,523.3548387096774,12.980645161290322
2020-01-07,520.325806451613,13.036774193548386
2020-01-08,517.2967741935483,13.09290322580645
2020-01-09,514.2677419354839,13.149032258064516
2020-01-10,511.23870967741937,13.20516129032258
2020-01-11,508.2096774193549,13.261290322580644
2020-01-12,505.18064516129033,13.317419354838709
2020-01-13,502.1516129032258,13.373548387096774
2020-01-14,499.1225806451613,13.429677419354839
2020-01-15,496.0935483870968,13.485806451612902
2020-01-16,493.06451612903226,13.541935483870967
2020-01-17,490.03548387096777,13.598064516129032
2020-01-18,487.0064516129032,13.654193548387097
2020-01-19,483.97741935483873,13.71032258064516
2020-01-20,480.9483870967742,13.766451612903225
2020-01-21,477.9193548387097,13.82258064516129
2020-01-22,474.89032258064515,13.878709677419355
2020-01-23,471.86129032258066,13.934838709677418
2020-01-24,468.83225806451617,13.990967741935483
2020-01-25,465.8032258064516,14.047096774193548
2020-01-26,462.77419354838713,14.103225806451611
2020-01-27,459.7451612903226,14.159354838709676
2020-01-28,456.7161290322581,14.215483870967741
2020-01-29,453.68709677419355,14.271612903225806
2020-01-30,450.65806451612906,14.327741935483871
2020-01-31,447.6290322580645,14.383870967741935
2020-02-01,444.6,14.44
2020-02-02,445.4031034482759,14.42448275862069
2020-02-03,446.20620689655175,14.408965517241379
2020-02-04,447.0093103448276,14.393448275862069
2020-02-05,447.8124137931035,14.377931034482758
2020-02-06,448.61551724137934,14.362413793103448
2020-02-07,449.4186206896552,14.346896551724138
2020-02-08,450.22172413793106,14.331379310344827
2020-02-09,451.0248275862069,14.315862068965517
2020-02-10,451.8279310344828,14.300344827586207
2020-02-11,452.63103448275865,14.284827586206896
2020-02-12,453.4341379310345,14.269310344827586
2020-02-13,454.2372413793104,14.253793103448276
2020-02-14,455.04034482758624,14.238275862068965
2020-02-15,455.8434482758621,14.222758620689655
2020-02-16,456.6465517241379,14.207241379310345
2020-02-17,457.44965517241377,14.191724137931034
2020-02-18,458.25275862068963,14.176206896551724
2020-02-19,459.0558620689655,14.160689655172414
2020-02-20,459.85896551724136,14.145172413793103
2020-02-21,460.6620689655172,14.129655172413793
2020-02-22,461.4651724137931,14.114137931034483
2020-02-23,462.26827586206895,14.098620689655172
2020-02-24,463.0713793103448,14.083103448275862
2020-02-25,463.8744827586207,14.067586206896552
2020-02-26,464.67758620689654,14.052068965517241
2020-02-27,465.4806896551724,14.036551724137931
2020-02-28,466.28379310344826,14.02103448275862
2020-02-29,467.0868965517241,14.00551724137931
2020-03-01,467.89,13.99
2020-03-02,470.21258064516127,14.03774193548387
2020-03-03,472.53516129032255,14.085483870967742
2020-03-04,474.8577419354839,14.133225806451613
2020-03-05,477.18032258064517,14.180967741935484
2020-03-06,479.50290322580645,14.228709677419355
2020-03-07,481.82548387096773,14.276451612903227
2020-03-08,484.148064516129,14.324193548387097
2020-03-09,486.4706451612903,14.371935483870969
2020-03-10,488.7932258064516,14.419677419354839
2020-03-11,491.1158064516129,14.46741935483871
2020-03-12,493.4383870967742,14.515161290322581
2020-03-13,495.7609677419355,14.562903225806451
2020-03-14,498.08354838709676,14.610645161290323
2020-03-15,500.40612903225804,14.658387096774193
2020-03-16,502.7287096774194,14.706129032258065
2020-03-17,505.05129032258066,14.753870967741936
2020-03-18,507.37387096774194,14.801612903225807
2020-03-19,509.6964516129032,14.849354838709678
2020-03-20,512.0190322580645,14.89709677419355
2020-03-21,514.3416129032258,14.94483870967742
2020-03-22,516.6641935483871,14.99258064516129
2020-03-23,518.9867741935484,15.040322580645162
2020-03-24,521.3093548387096,15.088064516129032
2020-03-25,523.631935483871,15.135806451612904
2020-03-26,525.9545161290323,15.183548387096774
2020-03-27,528.2770967741935,15.231290322580646
2020-03-28,530.5996774193549,15.279032258064516
2020-03-29,532.9222580645161,15.326774193548388
2020-03-30,535.2448387096774,15.374516129032259
2020-03-31,537.5674193548386,15.42225806451613
2020-04-01,539.89,15.47
2020-04-02,539.6013333333333,15.392333333333333
2020-04-03,539.3126666666667,15.314666666666668
2020-04-04,539.024,15.237
2020-04-05,538.7353333333333,15.159333333333334
2020-04-06,538.4466666666667,15.081666666666667
2020-04-07,538.158,15.004000000000001
2020-04-08,537.8693333333333,14.926333333333334
2020-04-09,537.5806666666666,14.848666666666666
2020-04-10,537.292,14.771
2020-04-11,537.0033333333333,14.693333333333333
2020-04-12,536.7146666666666,14.615666666666668
2020-04-13,536.426,14.538
2020-04-14,536.1373333333333,14.460333333333335
2020-04-15,535.8486666666666,14.382666666666667
2020-04-16,535.56,14.305
2020-04-17,535.2713333333334,14.227333333333334
2020-04-18,534.9826666666667,14.149666666666667
2020-04-19,534.694,14.072000000000001
2020-04-20,534.4053333333334,13.994333333333334
2020-04-21,534.1166666666667,13.916666666666668
2020-04-22,533.828,13.839
2020-04-23,533.5393333333334,13.761333333333333
2020-04-24,533.2506666666667,13.683666666666667
2020-04-25,532.962,13.606
2020-04-26,532.6733333333333,13.528333333333334
2020-04-27,532.3846666666667,13.450666666666667
2020-04-28,532.096,13.373000000000001
2020-04-29,531.8073333333333,13.295333333333334
2020-04-30,531.5186666666667,13.217666666666666
2020-05-01,531.23,13.14
2020-05-02,533.8177419354839,13.163870967741936
2020-05-03,536.4054838709677,13.18774193548387
2020-05-04,538.9932258064516,13.211612903225808
2020-05-05,541.5809677419355,13.235483870967743
2020-05-06,544.1687096774194,13.259354838709678
2020-05-07,546.7564516129032,13.283225806451613
2020-05-08,549.3441935483871,13.30709677419355
2020-05-09,551.931935483871,13.330967741935485
2020-05-10,554.5196774193548,13.35483870967742
2020-05-11,557.1074193548387,13.378709677419355
2020-05-12,559.6951612903226,13.40258064516129
2020-05-13,562.2829032258065,13.426451612903227
2020-05-14,564.8706451612903,13.450322580645162
2020-05-15,567.4583870967742,13.474193548387097
2020-05-16,570.0461290322581,13.498064516129032
2020-05-17,572.6338709677419,13.521935483870969
2020-05-18,575.2216129032258,13.545806451612904
2020-05-19,577.8093548387097,13.56967741935484
2020-05-20,580.3970967741936,13.593548387096774
2020-05-21,582.9848387096774,13.617419354838711
2020-05-22,585.5725806451613,13.641290322580646
2020-05-23,588.1603225806452,13.665161290322581
2020-05-24,590.748064516129,13.689032258064517
2020-05-25,593.3358064516129,13.712903225806452
2020-05-26,595.9235483870968,13.736774193548388
2020-05-27,598.5112903225806,13.760645161290324
2020-05-28,601.0990322580645,13.784516129032259
2020-05-29,603.6867741935484,13.808387096774194
2020-05-30,606.2745161290323,13.83225806451613
2020-05-31,608.8622580645161,13.856129032258066
2020-06-01,611.45,13.88
2020-06-02,609.875,13.882666666666667
2020-06-03,608.3000000000001,13.885333333333334
2020-06-04,606.725,13.888000000000002
2020-06-05,605.1500000000001,13.890666666666668
2020-06-06,603.575,13.893333333333334
2020-06-07,602.0,13.896
2020-06-08,600.4250000000001,13.898666666666667
2020-06-09,598.85,13.901333333333334
2020-06-10,597.2750000000001,13.904
2020-06-11,595.7,13.906666666666668
2020-06-12,594.125,13.909333333333334
2020-06-13,592.5500000000001,13.912
2020-06-14,590.975,13.914666666666667
2020-06-15,589.4000000000001,13.917333333333334
2020-06-16,587.825,13.920000000000002
2020-06-17,586.25,13.922666666666668
2020-06-18,584.6750000000001,13.925333333333334
2020-06-19,583.1,13.928
2020-06-20,581.5250000000001,13.930666666666667
2020-06-21,579.95,13.933333333333334
2020-06-22,578.375,13.936
2020-06-23,576.8000000000001,13.938666666666668
2020-06-24,575.225,13.941333333333334
2020-06-25,573.6500000000001,13.944
2020-06-26,572.075,13.946666666666667
2020-06-27,570.5,13.949333333333334
2020-06-28,568.9250000000001,13.952000000000002
2020-06-29,567.35,13.954666666666668
2020-06-30,565.7750000000001,13.957333333333334
2020-07-01,564.2,13.96
2020-07-02,563.833870967742,13.913548387096775
2020-07-03,563.4677419354839,13.867096774193548
2020-07-04,563.1016129032258,13.820645161290324
2020-07-05,562.7354838709678,13.774193548387098
2020-07-06,562.3693548387097,13.727741935483872
2020-07-07,562.0032258064516,13.681290322580645
2020-07-08,561.6370967741935,13.63483870967742
2020-07-09,561.2709677419356,13.588387096774195
2020-07-10,560.9048387096775,13.541935483870969
2020-07-11,560.5387096774194,13.495483870967742
2020-07-12,560.1725806451614,13.449032258064516
2020-07-13,559.8064516129033,13.40258064516129
2020-07-14,559.4403225806452,13.356129032258066
2020-07-15,559.0741935483871,13.30967741935484
2020-07-16,558.7080645161291,13.263225806451613
2020-07-17,558.341935483871,13.216774193548387
2020-07-18,557.9758064516129,13.170322580645161
2020-07-19,557.6096774193549,13.123870967741937
2020-07-20,557.2435483870968,13.07741935483871
2020-07-21,556.8774193548387,13.030967741935484
2020-07-22,556.5112903225806,12.984516129032258
2020-07-23,556.1451612903226,12.938064516129032
2020-07-24,555.7790322580645,12.891612903225806
2020-07-25,555.4129032258065,12.845161290322581
2020-07-26,555.0467741935485,12.798709677419355
2020-07-27,554.6806451612904,12.752258064516129
2020-07-28,554.3145161290323,12.705806451612903
2020-07-29,553.9483870967742,12.659354838709678
2020-07-30,553.5822580645162,12.612903225806452
2020-07-31,553.2161290322581,12.566451612903226
2020-08-01,552.85,12.52
2020-08-02,557.9393548387097,12.610967741935484
2020-08-03,563.0287096774193,12.701935483870967
2020-08-04,568.118064516129,12.792903225806452
2020-08-05,573.2074193548387,12.883870967741935
2020-08-06,578.2967741935485,12.97483870967742
2020-08-07,583.386129032258,13.065806451612904
2020-08-08,588.4754838709678,13.156774193548387
2020-08-09,593.5648387096775,13.247741935483871
2020-08-10,598.6541935483871,13.338709677419354
2020-08-11,603.7435483870968,13.429677419354839
2020-08-12,608.8329032258065,13.520645161290322
2020-08-13,613.9222580645162,13.611612903225806
2020-08-14,619.0116129032258,13.70258064516129
2020-08-15,624.1009677419355,13.793548387096774
2020-08-16,629.1903225806452,13.884516129032258
2020-08-17,634.2796774193548,13.975483870967741
2020-08-18,639.3690322580645,14.066451612903226
2020-08-19,644.4583870967742,14.157419354838709
2020-08-20,649.5477419354838,14.248387096774193
2020-08-21,654.6370967741935,14.339354838709678
2020-08-22,659.7264516129032,14.43032258064516
2020-08-23,664.815806451613,14.521290322580645
2020-08-24,669.9051612903226,14.612258064516128
2020-08-25,674.9945161290323,14.703225806451613
2020-08-26,680.083870967742,14.794193548387096
2020-08-27,685.1732258064517,14.88516129032258
2020-08-28,690.2625806451613,14.976129032258065
2020-08-29,695.351935483871,15.067096774193548
2020-08-30,700.4412903225807,15.158064516129032
2020-08-31,705.5306451612903,15.249032258064515
2020-09-01,710.62,15.34
2020-09-02,708.263,15.344
2020-09-03,705.906,15.348
2020-09-04,703.549,15.352
2020-09-05,701.192,15.356
2020-09-06,698.835,15.36
2020-09-07,696.478,15.364
2020-09-08,694.121,15.368
2020-09-09,691.764,15.372
2020-09-10,689.407,15.376
2020-09-11,687.05,15.38
2020-09-12,684.693,15.384
2020-09-13,682.336,15.388
2020-09-14,679.979,15.392
2020-09-15,677.622,15.396
2020-09-16,675.265,15.4
2020-09-17,672.908,15.404
2020-09-18,670.5509999999999,15.408000000000001
2020-09-19,668.194,15.412
2020-09-20,665.837,15.416
2020-09-21,663.48,15.42
2020-09-22,661.1229999999999,15.424000000000001
2020-09-23,658.766,15.428
2020-09-24,656.409,15.432
2020-09-25,654.052,15.436
2020-09-26,651.6949999999999,15.440000000000001
2020-09-27,649.338,15.444
2020-09-28,646.981,15.448
2020-09-29,644.624,15.452
2020-09-30,642.2669999999999,15.456000000000001
2020-10-01,639.91,15.46
2020-10-02,640.8303225806451,15.453225806451615
2020-10-03,641.7506451612903,15.446451612903227
2020-10-04,642.6709677419354,15.43967741935484
2020-10-05,643.5912903225807,15.432903225806452
2020-10-06,644.5116129032258,15.426129032258066
2020-10-07,645.4319354838709,15.419354838709678
2020-10-08,646.3522580645161,15.412580645161292
2020-10-09,647.2725806451613,15.405806451612904
2020-10-10,648.1929032258064,15.399032258064517
2020-10-11,649.1132258064516,15.39225806451613
2020-10-12,650.0335483870967,15.385483870967743
2020-10-13,650.953870967742,15.378709677419355
2020-10-14,651.8741935483871,15.371935483870969
2020-10-15,652.7945161290322,15.36516129032258
2020-10-16,653.7148387096775,15.358387096774194
2020-10-17,654.6351612903226,15.351612903225806
2020-10-18,655.5554838709678,15.34483870967742
2020-10-19,656.4758064516129,15.338064516129032
2020-10-20,657.396129032258,15.331290322580646
2020-10-21,658.3164516129033,15.324516129032258
2020-10-22,659.2367741935484,15.317741935483872
2020-10-23,660.1570967741936,15.310967741935483
2020-10-24,661.0774193548388,15.304193548387097
2020-10-25,661.9977419354839,15.29741935483871
2020-10-26,662.9180645161291,15.290645161290323
2020-10-27,663.8383870967742,15.283870967741935
2020-10-28,664.7587096774193,15.277096774193549
2020-10-29,665.6790322580646,15.27032258064516
2020-10-30,666.5993548387097,15.263548387096774
2020-10-31,667.5196774193549,15.256774193548386
2020-11-01,668.44,15.25
2020-11-02,666.4153333333334,15.244
2020-11-03,664.3906666666667,15.238
2020-11-04,662.3660000000001,15.232
2020-11-05,660.3413333333334,15.226
2020-11-06,658.3166666666667,15.22
2020-11-07,656.292,15.214
2020-11-08,654.2673333333333,15.208
2020-11-09,652.2426666666668,15.202
2020-11-10,650.2180000000001,15.196
2020-11-11,648.1933333333334,15.19
2020-11-12,646.1686666666667,15.184
2020-11-13,644.144,15.178
2020-11-14,642.1193333333334,15.172
2020-11-15,640.0946666666667,15.166
2020-11-16,638.07,15.16
2020-11-17,636.0453333333334,15.154
2020-11-18,634.0206666666667,15.148
2020-11-19,631.9960000000001,15.142
2020-11-20,629.9713333333334,15.136000000000001
2020-11-21,627.9466666666667,15.13
2020-11-22,625.922,15.124
2020-11-23,623.8973333333333,15.118
2020-11-24,621.8726666666668,15.112
2020-11-25,619.8480000000001,15.106
2020-11-26,617.8233333333334,15.1
2020-11-27,615.7986666666667,15.094
2020-11-28,613.774,15.088000000000001
2020-11-29,611.7493333333334,15.082
2020-11-30,609.7246666666667,15.076
2020-12-01,607.7,15.07
2020-12-02,609.5670967741936,15.018387096774195
2020-12-03,611.4341935483872,14.966774193548387
2020-12-04,613.3012903225807,14.915161290322581
2020-12-05,615.1683870967743,14.863548387096774
2020-12-06,617.0354838709678,14.811935483870968
2020-12-07,618.9025806451614,14.760322580645163
2020-12-08,620.7696774193549,14.708709677419355
2020-12-09,622.6367741935484,14.65709677419355
2020-12-10,624.5038709677419,14.605483870967742
2020-12-11,626.3709677419355,14.553870967741936
2020-12-12,628.238064516129,14.502258064516129
2020-12-13,630.1051612903226,14.450645161290323
2020-12-14,631.9722580645162,14.399032258064517
2020-12-15,633.8393548387097,14.34741935483871
2020-12-16,635.7064516129033,14.295806451612904
2020-12-17,637.5735483870968,14.244193548387097
2020-12-18,639.4406451612904,14.192580645161291
2020-12-19,641.3077419354839,14.140967741935484
2020-12-20,643.1748387096775,14.089354838709678
2020-12-21,645.041935483871,14.037741935483872
2020-12-22,646.9090322580646,13.986129032258065
2020-12-23,648.7761290322582,13.934516129032259
2020-12-24,650.6432258064517,13.882903225806452
2020-12-25,652.5103225806452,13.831290322580646
2020-12-26,654.3774193548387,13.77967741935484
2020-12-27,656.2445161290323,13.728064516129033
2020-12-28,658.1116129032258,13.676451612903227
2020-12-29,659.9787096774194,13.62483870967742
2020-12-30,661.8458064516129,13.573225806451614
2020-12-31,663.7129032258065,13.521612903225808
2021-01-01,665.58,13.47
2021-01-02,667.0841935483871,13.523870967741937
2021-01-03,668.5883870967742,13.577741935483871
2021-01-04,670.0925806451613,13.631612903225808
2021-01-05,671.5967741935484,13.685483870967742
2021-01-06,673.1009677419355,13.739354838709678
2021-01-07,674.6051612903226,13.793225806451613
2021-01-08,676.1093548387097,13.847096774193549
2021-01-09,677.6135483870968,13.900967741935485
2021-01-10,679.1177419354839,13.95483870967742
2021-01-11,680.621935483871,14.008709677419356
2021-01-12,682.1261290322581,14.06258064516129
2021-01-13,683.6303225806452,14.116451612903226
2021-01-14,685.1345161290322,14.170322580645163
2021-01-15,686.6387096774193,14.224193548387097
2021-01-16,688.1429032258065,14.278064516129033
2021-01-17,689.6470967741936,14.331935483870968
2021-01-18,691.1512903225807,14.385806451612904
2021-01-19,692.6554838709678,14.43967741935484
2021-01-20,694.1596774193549,14.493548387096775
2021-01-21,695.663870967742,14.547419354838711
2021-01-22,697.1680645161291,14.601290322580645
2021-01-23,698.6722580645162,14.655161290322582
2021-01-24,700.1764516129033,14.709032258064516
2021-01-25,701.6806451612904,14.762903225806452
2021-01-26,703.1848387096775,14.816774193548387
2021-01-27,704.6890322580646,14.870645161290323
2021-01-28,706.1932258064517,14.92451612903226
2021-01-29,707.6974193548388,14.978387096774194
2021-01-30,709.2016129032259,15.03225806451613
2021-01-31,710.705806451613,15.086129032258064
2021-02-01,712.21,15.14
2021-02-02,710.4517857142857,15.150357142857143
2021-02-03,708.6935714285714,15.160714285714286
2021-02-04,706.9353571428571,15.171071428571429
2021-02-05,705.1771428571429,15.181428571428572
2021-02-06,703.4189285714286,15.191785714285714
2021-02-07,701.6607142857143,15.202142857142858
2021-02-08,699.9025,15.2125
2021-02-09,698.1442857142857,15.222857142857142
2021-02-10,696.3860714285714,15.233214285714286
2021-02-11,694.6278571428571,15.243571428571428
2021-02-12,692.8696428571429,15.253928571428572
2021-02-13,691.1114285714286,15.264285714285714
2021-02-14,689.3532142857143,15.274642857142858
2021-02-15,687.595,15.285
2021-02-16,685.8367857142857,15.295357142857142
2021-02-17,684.0785714285714,15.305714285714286
2021-02-18,682.3203571428571,15.316071428571428
2021-02-19,680.5621428571429,15.326428571428572
2021-02-20,678.8039285714286,15.336785714285714
2021-02-21,677.0457142857143,15.347142857142858
2021-02-22,675.2875,15.3575
2021-02-23,673.5292857142857,15.367857142857142
2021-02-24,671.7710714285714,15.378214285714286
2021-02-25,670.0128571428571,15.388571428571428
2021-02-26,668.2546428571429,15.398928571428572
2021-02-27,666.4964285714286,15.409285714285714
2021-02-28,664.7382142857143,15.419642857142858
2021-03-01,662.98,15.43
2021-03-02,665.8896774193548,15.413225806451612
2021-03-03,668.7993548387097,15.396451612903226
2021-03-04,671.7090322580646,15.379677419354838
2021-03-05,674.6187096774194,15.362903225806452
2021-03-06,677.5283870967742,15.346129032258064
2021-03-07,680.4380645161291,15.329354838709678
2021-03-08,683.3477419354839,15.31258064516129
2021-03-09,686.2574193548387,15.295806451612902
2021-03-10,689.1670967741935,15.279032258064516
2021-03-11,692.0767741935484,15.262258064516129
2021-03-12,694.9864516129032,15.245483870967742
2021-03-13,697.896129032258,15.228709677419355
2021-03-14,700.8058064516129,15.211935483870967
2021-03-15,703.7154838709678,15.19516129032258
2021-03-16,706.6251612903226,15.178387096774193
2021-03-17,709.5348387096774,15.161612903225807
2021-03-18,712.4445161290322,15.144838709677419
2021-03-19,715.3541935483871,15.128064516129033
2021-03-20,718.2638709677419,15.111290322580645
2021-03-21,721.1735483870967,15.094516129032257
2021-03-22,724.0832258064515,15.077741935483871
2021-03-23,726.9929032258065,15.060967741935483
2021-03-24,729.9025806451613,15.044193548387097
2021-03-25,732.8122580645161,15.02741935483871
2021-03-26,735.721935483871,15.010645161290324
2021-03-27,738.6316129032258,14.993870967741936
2021-03-28,741.5412903225806,14.977096774193548
2021-03-29,744.4509677419354,14.960322580645162
2021-03-30,747.3606451612902,14.943548387096774
2021-03-31,750.2703225806451,14.926774193548388
2021-04-01,753.18,14.91
2021-04-02,752.015,14.948
2021-04-03,750.8499999999999,14.986
2021-04-04,749.685,15.024000000000001
2021-04-05,748.52,15.062
2021-04-06,747.355,15.1
2021-04-07,746.1899999999999,15.138
2021-04-08,745.025,15.176
2021-04-09,743.86,15.214
2021-04-10,742.6949999999999,15.252
2021-04-11,741.53,15.290000000000001
2021-04-12,740.365,15.328000000000001
2021-04-13,739.1999999999999,15.366
2021-04-14,738.035,15.404
2021-04-15,736.87,15.442
2021-04-16,735.7049999999999,15.48
2021-04-17,734.54,15.518
2021-04-18,733.375,15.556000000000001
2021-04-19,732.21,15.594000000000001
2021-04-20,731.045,15.632000000000001
2021-04-21,729.88,15.67
2021-04-22,728.715,15.708
2021-04-23,727.55,15.746
2021-04-24,726.385,15.784
2021-04-25,725.22,15.822000000000001
2021-04-26,724.055,15.860000000000001
2021-04-27,722.89,15.898000000000001
2021-04-28,721.725,15.936
2021-04-29,720.5600000000001,15.974
2021-04-30,719.395,16.012
2021-05-01,718.23,16.05
2021-05-02,719.175806451613,16.08290322580645
2021-05-03,720.1216129032258,16.115806451612904
2021-05-04,721.0674193548388,16.148709677419355
2021-05-05,722.0132258064516,16.18161290322581
2021-05-06,722.9590322580646,16.21451612903226
2021-05-07,723.9048387096774,16.247419354838712
2021-05-08,724.8506451612903,16.280322580645162
2021-05-09,725.7964516129032,16.313225806451612
2021-05-10,726.7422580645161,16.346129032258066
2021-05-11,727.688064516129,16.379032258064516
2021-05-12,728.6338709677419,16.41193548387097
2021-05-13,729.5796774193549,16.44483870967742
2021-05-14,730.5254838709677,16.47774193548387
2021-05-15,731.4712903225807,16.510645161290324
2021-05-16,732.4170967741935,16.543548387096774
2021-05-17,733.3629032258065,16.576451612903227
2021-05-18,734.3087096774193,16.609354838709677
2021-05-19,735.2545161290323,16.64225806451613
2021-05-20,736.2003225806451,16.67516129032258
2021-05-21,737.146129032258,16.70806451612903
2021-05-22,738.091935483871,16.740967741935485
2021-05-23,739.0377419354838,16.773870967741935
2021-05-24,739.9835483870968,16.80677419354839
2021-05-25,740.9293548387096,16.83967741935484
2021-05-26,741.8751612903226,16.872580645161293
2021-05-27,742.8209677419354,16.905483870967743
2021-05-28,743.7667741935484,16.938387096774193
2021-05-29,744.7125806451612,16.971290322580646
2021-05-30,745.6583870967742,17.004193548387097
2021-05-31,746.604193548387,17.03709677419355
2021-06-01,747.55,17.07
2021-06-02,747.4953333333333,17.15
2021-06-03,747.4406666666666,17.23
2021-06-04,747.386,17.31
2021-06-05,747.3313333333333,17.39
2021-06-06,747.2766666666666,17.47
2021-06-07,747.222,17.55
2021-06-08,747.1673333333333,17.63
2021-06-09,747.1126666666667,17.71
2021-06-10,747.058,17.79
2021-06-11,747.0033333333333,17.87
2021-06-12,746.9486666666667,17.95
2021-06-13,746.894,18.03
2021-06-14,746.8393333333333,18.11
2021-06-15,746.7846666666667,18.189999999999998
2021-06-16,746.73,18.27
2021-06-17,746.6753333333332,18.349999999999998
2021-06-18,746.6206666666666,18.43
2021-06-19,746.5659999999999,18.509999999999998
2021-06-20,746.5113333333333,18.59
2021-06-21,746.4566666666666,18.669999999999998
2021-06-22,746.4019999999999,18.75
2021-06-23,746.3473333333333,18.83
2021-06-24,746.2926666666666,18.91
2021-06-25,746.2379999999999,18.99
2021-06-26,746.1833333333333,19.07
2021-06-27,746.1286666666666,19.15
2021-06-28,746.074,19.229999999999997
2021-06-29,746.0193333333333,19.31
2021-06-30,745.9646666666666,19.39
2021-07-01,745.91,19.47
2021-07-02,750.3154838709677,19.39290322580645
2021-07-03,754.7209677419355,19.315806451612904
2021-07-04,759.1264516129032,19.238709677419354
2021-07-05,763.5319354838709,19.161612903225805
2021-07-06,767.9374193548387,19.084516129032256
2021-07-07,772.3429032258065,19.00741935483871
2021-07-08,776.7483870967742,18.93032258064516
2021-07-09,781.1538709677419,18.85322580645161
2021-07-10,785.5593548387096,18.776129032258062
2021-07-11,789.9648387096775,18.699032258064516
2021-07-12,794.3703225806452,18.621935483870967
2021-07-13,798.7758064516129,18.544838709677418
2021-07-14,803.1812903225806,18.46774193548387
2021-07-15,807.5867741935484,18.390645161290323
2021-07-16,811.9922580645161,18.313548387096773
2021-07-17,816.3977419354839,18.236451612903224
2021-07-18,820.8032258064516,18.159354838709675
2021-07-19,825.2087096774194,18.08225806451613
2021-07-20,829.6141935483871,18.00516129032258
2021-07-21,834.0196774193548,17.92806451612903
2021-07-22,838.4251612903225,17.85096774193548
2021-07-23,842.8306451612904,17.773870967741935
2021-07-24,847.2361290322581,17.696774193548386
2021-07-25,851.6416129032258,17.619677419354836
2021-07-26,856.0470967741935,17.542580645161287
2021-07-27,860.4525806451613,17.46548387096774
2021-07-28,864.858064516129,17.388387096774192
2021-07-29,869.2635483870968,17.311290322580643
2021-07-30,873.6690322580646,17.234193548387097
2021-07-31,878.0745161290323,17.157096774193548
2021-08-01,882.48,17.08
2021-08-02,879.918064516129,17.089677419354835
2021-08-03,877.3561290322581,17.099354838709676
2021-08-04,874.794193548387,17.109032258064513
2021-08-05,872.2322580645161,17.118709677419353
2021-08-06,869.6703225806451,17.12838709677419
2021-08-07,867.1083870967742,17.13806451612903
2021-08-08,864.5464516129032,17.147741935483868
2021-08-09,861.9845161290323,17.15741935483871
2021-08-10,859.4225806451612,17.167096774193546
2021-08-11,856.8606451612903,17.176774193548386
2021-08-12,854.2987096774193,17.186451612903223
2021-08-13,851.7367741935484,17.196129032258064
2021-08-14,849.1748387096774,17.2058064516129
2021-08-15,846.6129032258065,17.21548387096774
2021-08-16,844.0509677419354,17.22516129032258
2021-08-17,841.4890322580645,17.23483870967742
2021-08-18,838.9270967741935,17.244516129032256
2021-08-19,836.3651612903226,17.254193548387097
2021-08-20,833.8032258064516,17.263870967741934
2021-08-21,831.2412903225807,17.273548387096774
2021-08-22,828.6793548387096,17.28322580645161
2021-08-23,826.1174193548387,17.29290322580645
2021-08-24,823.5554838709677,17.30258064516129
2021-08-25,820.9935483870968,17.31225806451613
2021-08-26,818.4316129032258,17.321935483870966
2021-08-27,815.8696774193548,17.331612903225807
2021-08-28,813.3077419354838,17.341290322580644
2021-08-29,810.7458064516129,17.350967741935484
2021-08-30,808.1838709677419,17.36064516129032
2021-08-31,805.6219354838709,17.370322580645162
2021-09-01,803.06,17.38
2021-09-02,801.7816666666666,17.369
2021-09-03,800.5033333333333,17.358
2021-09-04,799.2249999999999,17.346999999999998
2021-09-05,797.9466666666666,17.336
2021-09-06,796.6683333333333,17.325
2021-09-07,795.39,17.314
2021-09-08,794.1116666666667,17.303
2021-09-09,792.8333333333333,17.291999999999998
2021-09-10,791.555,17.281
2021-09-11,790.2766666666666,17.27
2021-09-12,788.9983333333333,17.259
2021-09-13,787.72,17.248
2021-09-14,786.4416666666666,17.237
2021-09-15,785.1633333333333,17.226
2021-09-16,783.885,17.215
2021-09-17,782.6066666666667,17.204
2021-09-18,781.3283333333334,17.193
2021-09-19,780.05,17.182
2021-09-20,778.7716666666666,17.171
2021-09-21,777.4933333333333,17.16
2021-09-22,776.215,17.149
2021-09-23,774.9366666666667,17.138
2021-09-24,773.6583333333333,17.127
2021-09-25,772.38,17.116
2021-09-26,771.1016666666667,17.105
2021-09-27,769.8233333333334,17.094
2021-09-28,768.5450000000001,17.083000000000002
2021-09-29,767.2666666666667,17.072
2021-09-30,765.9883333333333,17.061
2021-10-01,764.71,17.05
2021-10-02,768.19,16.966451612903228
2021-10-03,771.6700000000001,16.88290322580645
2021-10-04,775.1500000000001,16.79935483870968
2021-10-05,778.63,16.715806451612902
2021-10-06,782.11,16.63225806451613
2021-10-07,785.59,16.548709677419357
2021-10-08,789.07,16.46516129032258
2021-10-09,792.5500000000001,16.381612903225808
2021-10-10,796.0300000000001,16.298064516129035
2021-10-11,799.51,16.21451612903226
2021-10-12,802.99,16.130967741935486
2021-10-13,806.47,16.04741935483871
2021-10-14,809.95,15.963870967741936
2021-10-15,813.4300000000001,15.880322580645162
2021-10-16,816.9100000000001,15.796774193548387
2021-10-17,820.39,15.713225806451614
2021-10-18,823.87,15.62967741935484
2021-10-19,827.35,15.546129032258065
2021-10-20,830.83,15.46258064516129
2021-10-21,834.3100000000001,15.379032258064516
2021-10-22,837.7900000000001,15.295483870967743
2021-10-23,841.27,15.211935483870969
2021-10-24,844.75,15.128387096774194
2021-10-25,848.23,15.044838709677421
2021-10-26,851.71,14.961290322580647
2021-10-27,855.19,14.877741935483872
2021-10-28,858.6700000000001,14.794193548387097
2021-10-29,862.1500000000001,14.710645161290323
2021-10-30,865.63,14.62709677419355
2021-10-31,869.11,14.543548387096775
2021-11-01,872.59,14.46
2021-11-02,869.6466666666666,14.560333333333334
2021-11-03,866.7033333333334,14.660666666666668
2021-11-04,863.76,14.761000000000001
2021-11-05,860.8166666666667,14.861333333333334
2021-11-06,857.8733333333333,14.961666666666668
2021-11-07,854.9300000000001,15.062000000000001
2021-11-08,851.9866666666667,15.162333333333333
2021-11-09,849.0433333333333,15.262666666666666
2021-11-10,846.1,15.363
2021-11-11,843.1566666666666,15.463333333333333
2021-11-12,840.2133333333334,15.563666666666666
2021-11-13,837.27,15.664
2021-11-14,834.3266666666667,15.764333333333333
2021-11-15,831.3833333333333,15.864666666666666
2021-11-16,828.44,15.965
2021-11-17,825.4966666666667,16.06533333333333
2021-11-18,822.5533333333333,16.165666666666667
2021-11-19,819.61,16.266
2021-11-20,816.6666666666666,16.366333333333333
2021-11-21,813.7233333333334,16.466666666666665
2021-11-22,810.78,16.567
2021-11-23,807.8366666666666,16.667333333333332
2021-11-24,804.8933333333333,16.767666666666667
2021-11-25,801.9499999999999,16.868
2021-11-26,799.0066666666667,16.968333333333334
2021-11-27,796.0633333333333,17.068666666666665
2021-11-28,793.12,17.168999999999997
2021-11-29,790.1766666666666,17.269333333333332
2021-11-30,787.2333333333333,17.369666666666667
2021-12-01,784.29,17.47
2021-12-02,787.0432258064516,17.48
2021-12-03,789.7964516129032,17.49
2021-12-04,792.5496774193548,17.5
2021-12-05,795.3029032258064,17.509999999999998
2021-12-06,798.056129032258,17.52
2021-12-07,800.8093548387096,17.529999999999998
2021-12-08,803.5625806451612,17.54
2021-12-09,806.3158064516128,17.55
2021-12-10,809.0690322580645,17.56
2021-12-11,811.8222580645161,17.57
2021-12-12,814.5754838709677,17.58
2021-12-13,817.3287096774193,17.59
2021-12-14,820.0819354838709,17.6
2021-12-15,822.8351612903225,17.61
2021-12-16,825.5883870967741,17.62
2021-12-17,828.3416129032257,17.63
2021-12-18,831.0948387096773,17.64
2021-12-19,833.848064516129,17.65
2021-12-20,836.6012903225807,17.66
2021-12-21,839.3545161290323,17.67
2021-12-22,842.1077419354839,17.68
2021-12-23,844.8609677419355,17.69
2021-12-24,847.6141935483871,17.7
2021-12-25,850.3674193548387,17.71
2021-12-26,853.1206451612903,17.720000000000002
2021-12-27,855.8738709677419,17.73
2021-12-28,858.6270967741935,17.740000000000002
2021-12-29,861.3803225806452,17.75
2021-12-30,864.1335483870968,17.76
2021-12-31,866.8867741935484,17.77
2022-01-01,869.64,17.78
2022-01-02,866.5896774193549,17.901935483870968
2022-01-03,863.5393548387096,18.023870967741935
2022-01-04,860.4890322580645,18.145806451612906
2022-01-05,857.4387096774193,18.267741935483873
2022-01-06,854.3883870967742,18.38967741935484
2022-01-07,851.3380645161291,18.511612903225807
2022-01-08,848.2877419354838,18.633548387096774
2022-01-09,845.2374193548387,18.755483870967744
2022-01-10,842.1870967741936,18.87741935483871
2022-01-11,839.1367741935484,18.999354838709678
2022-01-12,836.0864516129033,19.121290322580645
2022-01-13,833.036129032258,19.243225806451612
2022-01-14,829.9858064516129,19.365161290322582
2022-01-15,826.9354838709678,19.48709677419355
2022-01-16,823.8851612903226,19.609032258064516
2022-01-17,820.8348387096775,19.730967741935483
2022-01-18,817.7845161290322,19.85290322580645
2022-01-19,814.7341935483871,19.97483870967742
2022-01-20,811.683870967742,20.096774193548388
2022-01-21,808.6335483870968,20.218709677419355
2022-01-22,805.5832258064517,20.340645161290322
2022-01-23,802.5329032258064,20.46258064516129
2022-01-24,799.4825806451613,20.58451612903226
2022-01-25,796.4322580645162,20.706451612903226
2022-01-26,793.381935483871,20.828387096774193
2022-01-27,790.3316129032258,20.95032258064516
2022-01-28,787.2812903225806,21.072258064516127
2022-01-29,784.2309677419355,21.194193548387098
2022-01-30,781.1806451612904,21.316129032258065
2022-01-31,778.1303225806452,21.43806451612903
2022-02-01,775.08,21.56
2022-02-02,776.7028571428572,21.42392857142857
2022-02-03,778.3257142857143,21.287857142857142
2022-02-04,779.9485714285714,21.15178571428571
2022-02-05,781.5714285714286,21.015714285714285
2022-02-06,783.1942857142858,20.879642857142855
2022-02-07,784.8171428571429,20.74357142857143
2022-02-08,786.44,20.607499999999998
2022-02-09,788.0628571428572,20.47142857142857
2022-02-10,789.6857142857143,20.33535714285714
2022-02-11,791.3085714285714,20.199285714285715
2022-02-12,792.9314285714286,20.063214285714285
2022-02-13,794.5542857142857,19.927142857142854
2022-02-14,796.1771428571428,19.791071428571428
2022-02-15,797.8,19.654999999999998
2022-02-16,799.4228571428572,19.51892857142857
2022-02-17,801.0457142857143,19.38285714285714
2022-02-18,802.6685714285715,19.246785714285714
2022-02-19,804.2914285714286,19.110714285714284
2022-02-20,805.9142857142857,18.974642857142857
2022-02-21,807.5371428571428,18.838571428571427
2022-02-22,809.16,18.7025
2022-02-23,810.7828571428571,18.56642857142857
2022-02-24,812.4057142857143,18.430357142857144
2022-02-25,814.0285714285715,18.294285714285714
2022-02-26,815.6514285714286,18.158214285714287
2022-02-27,817.2742857142857,18.022142857142857
2022-02-28,818.8971428571429,17.886071428571427
2022-03-01,820.52,17.75
2022-03-02,823.4270967741935,17.77935483870968
2022-03-03,826.3341935483871,17.808709677419355
2022-03-04,829.2412903225807,17.838064516129034
2022-03-05,832.1483870967742,17.86741935483871
2022-03-06,835.0554838709677,17.89677419354839
2022-03-07,837.9625806451613,17.926129032258064
2022-03-08,840.8696774193548,17.955483870967743
2022-03-09,843.7767741935484,17.98483870967742
2022-03-10,846.6838709677419,18.014193548387098
2022-03-11,849.5909677419355,18.043548387096774
2022-03-12,852.498064516129,18.072903225806453
2022-03-13,855.4051612903226,18.10225806451613
2022-03-14,858.3122580645161,18.131612903225808
2022-03-15,861.2193548387097,18.160967741935483
2022-03-16,864.1264516129032,18.190322580645162
2022-03-17,867.0335483870967,18.219677419354838
2022-03-18,869.9406451612903,18.249032258064517
2022-03-19,872.8477419354839,18.278387096774193
2022-03-20,875.7548387096774,18.30774193548387
2022-03-21,878.6619354838709,18.337096774193547
2022-03-22,881.5690322580645,18.366451612903226
2022-03-23,884.4761290322581,18.395806451612902
2022-03-24,887.3832258064516,18.42516129032258
2022-03-25,890.2903225806451,18.454516129032257
2022-03-26,893.1974193548388,18.483870967741936
2022-03-27,896.1045161290323,18.51322580645161
2022-03-28,899.0116129032258,18.54258064516129
2022-03-29,901.9187096774193,18.571935483870966
2022-03-30,904.8258064516128,18.601290322580645
2022-03-31,907.7329032258065,18.630645161290325
2022-04-01,910.64,18.66
2022-04-02,912.005,18.649
2022-04-03,913.37,18.638
2022-04-04,914.735,18.627
2022-04-05,916.1,18.616
2022-04-06,917.465,18.605
2022-04-07,918.83,18.594
2022-04-08,920.195,18.583
2022-04-09,921.56,18.572
2022-04-10,922.925,18.561
2022-04-11,924.29,18.55
2022-04-12,925.655,18.538999999999998
2022-04-13,927.02,18.528
2022-04-14,928.385,18.517
2022-04-15,929.75,18.506
2022-04-16,931.115,18.494999999999997
2022-04-17,932.48,18.483999999999998
2022-04-18,933.845,18.473
2022-04-19,935.21,18.462
2022-04-20,936.575,18.451
2022-04-21,937.94,18.439999999999998
2022-04-22,939.3050000000001,18.429
2022-04-23,940.6700000000001,18.418
2022-04-24,942.035,18.407
2022-04-25,943.4,18.395999999999997
2022-04-26,944.765,18.384999999999998
2022-04-27,946.13,18.374
2022-04-28,947.495,18.363
2022-04-29,948.86,18.351999999999997
2022-04-30,950.225,18.340999999999998
2022-05-01,951.59,18.33
2022-05-02,951.1225806451613,18.28096774193548
2022-05-03,950.6551612903227,18.231935483870966
2022-05-04,950.1877419354839,18.18290322580645
2022-05-05,949.7203225806452,18.133870967741935
2022-05-06,949.2529032258064,18.084838709677417
2022-05-07,948.7854838709678,18.035806451612903
2022-05-08,948.3180645161291,17.986774193548385
2022-05-09,947.8506451612903,17.93774193548387
2022-05-10,947.3832258064516,17.888709677419353
2022-05-11,946.915806451613,17.83967741935484
2022-05-12,946.4483870967742,17.79064516129032
2022-05-13,945.9809677419355,17.741612903225803
2022-05-14,945.5135483870968,17.69258064516129
2022-05-15,945.0461290322581,17.64354838709677
2022-05-16,944.5787096774194,17.594516129032257
2022-05-17,944.1112903225807,17.54548387096774
2022-05-18,943.6438709677419,17.496451612903225
2022-05-19,943.1764516129033,17.447419354838708
2022-05-20,942.7090322580646,17.398387096774194
2022-05-21,942.2416129032258,17.349354838709676
2022-05-22,941.7741935483871,17.300322580645158
2022-05-23,941.3067741935484,17.251290322580644
2022-05-24,940.8393548387097,17.202258064516126
2022-05-25,940.371935483871,17.153225806451612
2022-05-26,939.9045161290322,17.104193548387094
2022-05-27,939.4370967741936,17.05516129032258
2022-05-28,938.9696774193549,17.006129032258062
2022-05-29,938.5022580645161,16.95709677419355
2022-05-30,938.0348387096774,16.90806451612903
2022-05-31,937.5674193548388,16.859032258064516
2022-06-01,937.1,16.81
2022-06-02,937.0840000000001,16.93133333333333
2022-06-03,937.068,17.052666666666667
2022-06-04,937.052,17.174
2022-06-05,937.0360000000001,17.295333333333332
2022-06-06,937.02,17.416666666666664
2022-06-07,937.004,17.538
2022-06-08,936.988,17.659333333333333
2022-06-09,936.972,17.780666666666665
2022-06-10,936.956,17.901999999999997
2022-06-11,936.94,18.023333333333333
2022-06-12,936.924,18.144666666666666
2022-06-13,936.908,18.266
2022-06-14,936.892,18.38733333333333
2022-06-15,936.876,18.508666666666667
2022-06-16,936.86,18.63
2022-06-17,936.844,18.75133333333333
2022-06-18,936.828,18.872666666666667
2022-06-19,936.812,18.994
2022-06-20,936.796,19.115333333333332
2022-06-21,936.78,19.236666666666665
2022-06-22,936.764,19.358
2022-06-23,936.748,19.479333333333333
2022-06-24,936.732,19.600666666666665
2022-06-25,936.716,19.721999999999998
2022-06-26,936.7,19.843333333333334
2022-06-27,936.684,19.964666666666666
2022-06-28,936.668,20.086
2022-06-29,936.652,20.20733333333333
2022-06-30,936.636,20.328666666666667
2022-07-01,936.62,20.45
2022-07-02,936.768064516129,20.436774193548388
2022-07-03,936.916129032258,20.423548387096773
2022-07-04,937.0641935483872,20.41032258064516
2022-07-05,937.2122580645162,20.397096774193546
2022-07-06,937.3603225806452,20.383870967741935
2022-07-07,937.5083870967742,20.370645161290323
2022-07-08,937.6564516129032,20.357419354838708
2022-07-09,937.8045161290323,20.344193548387096
2022-07-10,937.9525806451613,20.330967741935485
2022-07-11,938.1006451612903,20.31774193548387
2022-07-12,938.2487096774194,20.304516129032258
2022-07-13,938.3967741935484,20.291290322580643
2022-07-14,938.5448387096775,20.27806451612903
2022-07-15,938.6929032258065,20.26483870967742
2022-07-16,938.8409677419355,20.251612903225805
2022-07-17,938.9890322580645,20.238387096774193
2022-07-18,939.1370967741935,20.22516129032258
2022-07-19,939.2851612903225,20.211935483870967
2022-07-20,939.4332258064517,20.198709677419355
2022-07-21,939.5812903225807,20.18548387096774
2022-07-22,939.7293548387097,20.17225806451613
2022-07-23,939.8774193548387,20.159032258064514
2022-07-24,940.0254838709677,20.145806451612902
2022-07-25,940.1735483870968,20.13258064516129
2022-07-26,940.3216129032259,20.119354838709675
2022-07-27,940.4696774193549,20.106129032258064
2022-07-28,940.6177419354839,20.092903225806452
2022-07-29,940.7658064516129,20.079677419354837
2022-07-30,940.913870967742,20.066451612903226
2022-07-31,941.061935483871,20.05322580645161
2022-08-01,941.21,20.04
2022-08-02,939.7583870967742,20.04741935483871
2022-08-03,938.3067741935484,20.05483870967742
2022-08-04,936.8551612903226,20.06225806451613
2022-08-05,935.4035483870969,20.06967741935484
2022-08-06,933.951935483871,20.07709677419355
2022-08-07,932.5003225806452,20.084516129032256
2022-08-08,931.0487096774194,20.091935483870966
2022-08-09,929.5970967741936,20.099354838709676
2022-08-10,928.1454838709677,20.106774193548386
2022-08-11,926.693870967742,20.114193548387096
2022-08-12,925.2422580645161,20.121612903225806
2022-08-13,923.7906451612904,20.129032258064516
2022-08-14,922.3390322580645,20.136451612903226
2022-08-15,920.8874193548387,20.143870967741936
2022-08-16,919.435806451613,20.151290322580646
2022-08-17,917.9841935483871,20.158709677419353
2022-08-18,916.5325806451614,20.166129032258063
2022-08-19,915.0809677419355,20.173548387096773
2022-08-20,913.6293548387097,20.180967741935483
2022-08-21,912.1777419354839,20.188387096774193
2022-08-22,910.7261290322581,20.195806451612903
2022-08-23,909.2745161290322,20.203225806451613
2022-08-24,907.8229032258065,20.210645161290323
2022-08-25,906.3712903225806,20.218064516129033
2022-08-26,904.9196774193549,20.225483870967743
2022-08-27,903.4680645161291,20.23290322580645
2022-08-28,902.0164516129032,20.24032258064516
2022-08-29,900.5648387096775,20.24774193548387
2022-08-30,899.1132258064516,20.25516129032258
2022-08-31,897.6616129032259,20.26258064516129
2022-09-01,896.21,20.27
2022-09-02,897.9366666666667,20.191
2022-09-03,899.6633333333334,20.112
2022-09-04,901.39,20.033
2022-09-05,903.1166666666667,19.954
2022-09-06,904.8433333333334,19.875
2022-09-07,906.57,19.796
2022-09-08,908.2966666666667,19.717
2022-09-09,910.0233333333333,19.637999999999998
2022-09-10,911.75,19.558999999999997
2022-09-11,913.4766666666667,19.48
2022-09-12,915.2033333333334,19.401
2022-09-13,916.9300000000001,19.322
2022-09-14,918.6566666666666,19.243
2022-09-15,920.3833333333333,19.163999999999998
2022-09-16,922.11,19.085
2022-09-17,923.8366666666667,19.006
2022-09-18,925.5633333333334,18.927
2022-09-19,927.29,18.848
2022-09-20,929.0166666666667,18.769
2022-09-21,930.7433333333333,18.689999999999998
2022-09-22,932.47,18.610999999999997
2022-09-23,934.1966666666667,18.532
2022-09-24,935.9233333333333,18.453
2022-09-25,937.65,18.374
2022-09-26,939.3766666666667,18.294999999999998
2022-09-27,941.1033333333334,18.215999999999998
2022-09-28,942.83,18.137
2022-09-29,944.5566666666666,18.058
2022-09-30,946.2833333333333,17.979
2022-10-01,948.01,17.9
2022-10-02,948.8751612903226,18.017419354838708
2022-10-03,949.7403225806452,18.134838709677418
2022-10-04,950.6054838709678,18.252258064516127
2022-10-05,951.4706451612903,18.369677419354836
2022-10-06,952.3358064516129,18.487096774193546
2022-10-07,953.2009677419355,18.604516129032255
2022-10-08,954.0661290322581,18.721935483870965
2022-10-09,954.9312903225806,18.839354838709678
2022-10-10,955.7964516129032,18.956774193548387
2022-10-11,956.6616129032258,19.074193548387097
2022-10-12,957.5267741935484,19.191612903225806
2022-10-13,958.391935483871,19.309032258064516
2022-10-14,959.2570967741935,19.426451612903225
2022-10-15,960.1222580645161,19.543870967741935
2022-10-16,960.9874193548387,19.661290322580644
2022-10-17,961.8525806451613,19.778709677419354
2022-10-18,962.7177419354839,19.896129032258063
2022-10-19,963.5829032258065,20.013548387096773
2022-10-20,964.4480645161291,20.130967741935482
2022-10-21,965.3132258064517,20.24838709677419
2022-10-22,966.1783870967743,20.3658064516129
2022-10-23,967.0435483870968,20.483225806451614
2022-10-24,967.9087096774194,20.600645161290323
2022-10-25,968.7738709677419,20.718064516129033
2022-10-26,969.6390322580645,20.835483870967742
2022-10-27,970.5041935483871,20.952903225806452
2022-10-28,971.3693548387097,21.07032258064516
2022-10-29,972.2345161290323,21.18774193548387
2022-10-30,973.0996774193549,21.30516129032258
2022-10-31,973.9648387096775,21.42258064516129
2022-11-01,974.83,21.54
2022-11-02,977.822,21.405666666666665
2022-11-03,980.8140000000001,21.27133333333333
2022-11-04,983.806,21.137
2022-11-05,986.798,21.002666666666666
2022-11-06,989.79,20.868333333333332
2022-11-07,992.782,20.733999999999998
2022-11-08,995.774,20.599666666666668
2022-11-09,998.766,20.465333333333334
2022-11-10,1001.758,20.331
2022-11-11,1004.75,20.196666666666665
2022-11-12,1007.742,20.062333333333335
2022-11-13,1010.734,19.928
2022-11-14,1013.726,19.793666666666667
2022-11-15,1016.718,19.659333333333333
2022-11-16,1019.71,19.525
2022-11-17,1022.702,19.390666666666668
2022-11-18,1025.694,19.256333333333334
2022-11-19,1028.686,19.122
2022-11-20,1031.6779999999999,18.98766666666667
2022-11-21,1034.67,18.853333333333335
2022-11-22,1037.662,18.719
2022-11-23,1040.654,18.584666666666667
2022-11-24,1043.646,18.450333333333333
2022-11-25,1046.638,18.316000000000003
2022-11-26,1049.6299999999999,18.18166666666667
2022-11-27,1052.6219999999998,18.047333333333334
2022-11-28,1055.614,17.913
2022-11-29,1058.606,17.778666666666666
2022-11-30,1061.598,17.644333333333336
2022-12-01,1064.59,17.51
2022-12-02,1063.886451612903,17.611612903225808
2022-12-03,1063.1829032258063,17.713225806451614
2022-12-04,1062.4793548387097,17.81483870967742
2022-12-05,1061.7758064516129,17.916451612903227
2022-12-06,1061.072258064516,18.018064516129034
2022-12-07,1060.3687096774192,18.11967741935484
2022-12-08,1059.6651612903224,18.221290322580646
2022-12-09,1058.9616129032258,18.322903225806453
2022-12-10,1058.258064516129,18.42451612903226
2022-12-11,1057.5545161290322,18.526129032258066
2022-12-12,1056.8509677419354,18.627741935483872
2022-12-13,1056.1474193548386,18.72935483870968
2022-12-14,1055.443870967742,18.830967741935485
2022-12-15,1054.7403225806452,18.93258064516129
2022-12-16,1054.0367741935484,19.034193548387098
2022-12-17,1053.3332258064515,19.135806451612904
2022-12-18,1052.6296774193547,19.23741935483871
2022-12-19,1051.926129032258,19.339032258064517
2022-12-20,1051.2225806451613,19.440645161290323
2022-12-21,1050.5190322580645,19.54225806451613
2022-12-22,1049.8154838709677,19.643870967741936
2022-12-23,1049.1119354838709,19.745483870967742
2022-12-24,1048.408387096774,19.84709677419355
2022-12-25,1047.7048387096775,19.948709677419355
2022-12-26,1047.0012903225806,20.05032258064516
2022-12-27,1046.2977419354838,20.151935483870968
2022-12-28,1045.594193548387,20.253548387096775
2022-12-29,1044.8906451612902,20.35516129032258
2022-12-30,1044.1870967741936,20.456774193548387
2022-12-31,1043.4835483870968,20.558387096774194
2023-01-01,1042.78,20.66
2023-01-02,1039.8293548387096,20.743225806451612
2023-01-03,1036.8787096774192,20.826451612903227
2023-01-04,1033.928064516129,20.90967741935484
2023-01-05,1030.9774193548387,20.99290322580645
2023-01-06,1028.0267741935484,21.076129032258063
2023-01-07,1025.076129032258,21.159354838709678
2023-01-08,1022.1254838709677,21.24258064516129
2023-01-09,1019.1748387096774,21.325806451612902
2023-01-10,1016.224193548387,21.409032258064517
2023-01-11,1013.2735483870968,21.49225806451613
2023-01-12,1010.3229032258064,21.57548387096774
2023-01-13,1007.3722580645161,21.658709677419353
2023-01-14,1004.4216129032258,21.741935483870968
2023-01-15,1001.4709677419354,21.82516129032258
2023-01-16,998.5203225806451,21.90838709677419
2023-01-17,995.5696774193548,21.991612903225807
2023-01-18,992.6190322580645,22.07483870967742
2023-01-19,989.6683870967742,22.15806451612903
2023-01-20,986.7177419354838,22.241290322580646
2023-01-21,983.7670967741935,22.324516129032258
2023-01-22,980.8164516129032,22.40774193548387
2023-01-23,977.8658064516128,22.49096774193548
2023-01-24,974.9151612903225,22.574193548387097
2023-01-25,971.9645161290322,22.65741935483871
2023-01-26,969.0138709677419,22.74064516129032
2023-01-27,966.0632258064516,22.823870967741932
2023-01-28,963.1125806451612,22.907096774193548
2023-01-29,960.1619354838709,22.99032258064516
2023-01-30,957.2112903225806,23.07354838709677
2023-01-31,954.2606451612903,23.156774193548387
2023-02-01,951.31,23.24
2023-02-02,955.5324999999999,23.076071428571428
2023-02-03,959.755,22.912142857142854
2023-02-04,963.9775,22.748214285714283
2023-02-05,968.1999999999999,22.584285714285713
2023-02-06,972.4224999999999,22.420357142857142
2023-02-07,976.645,22.25642857142857
2023-02-08,980.8675,22.092499999999998
2023-02-09,985.0899999999999,21.928571428571427
2023-02-10,989.3125,21.764642857142857
2023-02-11,993.535,21.600714285714282
2023-02-12,997.7574999999999,21.436785714285712
2023-02-13,1001.98,21.27285714285714
2023-02-14,1006.2025,21.10892857142857
2023-02-15,1010.425,20.945
2023-02-16,1014.6474999999999,20.781071428571426
2023-02-17,1018.87,20.617142857142856
2023-02-18,1023.0925,20.453214285714285
2023-02-19,1027.315,20.28928571428571
2023-02-20,1031.5375,20.12535714285714
2023-02-21,1035.76,19.96142857142857
2023-02-22,1039.9825,19.7975
2023-02-23,1044.205,19.63357142857143
2023-02-24,1048.4275,19.469642857142855
2023-02-25,1052.65,19.305714285714284
2023-02-26,1056.8725,19.141785714285714
2023-02-27,1061.095,18.97785714285714
2023-02-28,1065.3174999999999,18.81392857142857
2023-03-01,1069.54,18.65
2023-03-02,1068.8435483870967,18.676129032258064
2023-03-03,1068.1470967741934,18.702258064516126
2023-03-04,1067.4506451612904,18.728387096774192
2023-03-05,1066.754193548387,18.754516129032258
2023-03-06,1066.0577419354838,18.780645161290323
2023-03-07,1065.3612903225805,18.806774193548385
2023-03-08,1064.6648387096775,18.83290322580645
2023-03-09,1063.9683870967742,18.859032258064516
2023-03-10,1063.271935483871,18.88516129032258
2023-03-11,1062.5754838709677,18.911290322580644
2023-03-12,1061.8790322580644,18.93741935483871
2023-03-13,1061.1825806451614,18.963548387096775
2023-03-14,1060.486129032258,18.989677419354837
2023-03-15,1059.7896774193548,19.015806451612903
2023-03-16,1059.0932258064515,19.04193548387097
2023-03-17,1058.3967741935485,19.06806451612903
2023-03-18,1057.7003225806452,19.094193548387096
2023-03-19,1057.003870967742,19.120322580645162
2023-03-20,1056.3074193548387,19.146451612903224
2023-03-21,1055.6109677419356,19.17258064516129
2023-03-22,1054.9145161290323,19.198709677419355
2023-03-23,1054.218064516129,19.22483870967742
2023-03-24,1053.5216129032258,19.250967741935483
2023-03-25,1052.8251612903225,19.27709677419355
2023-03-26,1052.1287096774195,19.303225806451614
2023-03-27,1051.4322580645162,19.329354838709676
2023-03-28,1050.735806451613,19.355483870967742
2023-03-29,1050.0393548387096,19.381612903225808
2023-03-30,1049.3429032258066,19.407741935483873
2023-03-31,1048.6464516129033,19.433870967741935
2023-04-01,1047.95,19.46
2023-04-02,1047.9256666666668,19.499000000000002
2023-04-03,1047.9013333333335,19.538
2023-04-04,1047.877,19.577
2023-04-05,1047.8526666666667,19.616
2023-04-06,1047.8283333333334,19.655
2023-04-07,1047.804,19.694
2023-04-08,1047.7796666666668,19.733
2023-04-09,1047.7553333333333,19.772000000000002
2023-04-10,1047.731,19.811
2023-04-11,1047.7066666666667,19.85
2023-04-12,1047.6823333333334,19.889
2023-04-13,1047.6580000000001,19.928
2023-04-14,1047.6336666666666,19.967
2023-04-15,1047.6093333333333,20.006
2023-04-16,1047.585,20.045
2023-04-17,1047.5606666666667,20.084
2023-04-18,1047.5363333333335,20.123
2023-04-19,1047.512,20.162
2023-04-20,1047.4876666666667,20.201
2023-04-21,1047.4633333333334,20.24
2023-04-22,1047.439,20.279
2023-04-23,1047.4146666666668,20.317999999999998
2023-04-24,1047.3903333333333,20.357
2023-04-25,1047.366,20.396
2023-04-26,1047.3416666666667,20.435
2023-04-27,1047.3173333333334,20.474
2023-04-28,1047.2930000000001,20.512999999999998
2023-04-29,1047.2686666666666,20.552
2023-04-30,1047.2443333333333,20.590999999999998
2023-05-01,1047.22,20.63
2023-05-02,1049.745806451613,20.606451612903225
2023-05-03,1052.2716129032258,20.58290322580645
2023-05-04,1054.7974193548387,20.559354838709677
2023-05-05,1057.3232258064515,20.535806451612903
2023-05-06,1059.8490322580644,20.51225806451613
2023-05-07,1062.3748387096775,20.488709677419354
2023-05-08,1064.9006451612904,20.46516129032258
2023-05-09,1067.4264516129033,20.441612903225806
2023-05-10,1069.9522580645162,20.418064516129032
2023-05-11,1072.478064516129,20.394516129032258
2023-05-12,1075.003870967742,20.370967741935484
2023-05-13,1077.5296774193548,20.34741935483871
2023-05-14,1080.0554838709677,20.323870967741936
2023-05-15,1082.5812903225806,20.30032258064516
2023-05-16,1085.1070967741935,20.276774193548388
2023-05-17,1087.6329032258066,20.25322580645161
2023-05-18,1090.1587096774194,20.229677419354836
2023-05-19,1092.6845161290323,20.206129032258062
2023-05-20,1095.2103225806452,20.182580645161288
2023-05-21,1097.736129032258,20.159032258064514
2023-05-22,1100.261935483871,20.13548387096774
2023-05-23,1102.7877419354838,20.111935483870965
2023-05-24,1105.3135483870967,20.08838709677419
2023-05-25,1107.8393548387096,20.064838709677417
2023-05-26,1110.3651612903225,20.041290322580643
2023-05-27,1112.8909677419356,20.01774193548387
2023-05-28,1115.4167741935485,19.994193548387095
2023-05-29,1117.9425806451613,19.97064516129032
2023-05-30,1120.4683870967742,19.947096774193547
2023-05-31,1122.994193548387,19.923548387096773
2023-06-01,1125.52,19.9
2023-06-02,1126.681,19.853666666666665
2023-06-03,1127.8419999999999,19.807333333333332
2023-06-04,1129.003,19.761
2023-06-05,1130.164,19.714666666666666
2023-06-06,1131.325,19.668333333333333
2023-06-07,1132.4859999999999,19.622
2023-06-08,1133.647,19.575666666666667
2023-06-09,1134.808,19.529333333333334
2023-06-10,1135.969,19.483
2023-06-11,1137.1299999999999,19.436666666666667
2023-06-12,1138.291,19.390333333333334
2023-06-13,1139.452,19.344
2023-06-14,1140.613,19.297666666666668
2023-06-15,1141.774,19.251333333333335
2023-06-16,1142.935,19.205
2023-06-17,1144.096,19.158666666666665
2023-06-18,1145.2569999999998,19.112333333333332
2023-06-19,1146.418,19.066
2023-06-20,1147.579,19.019666666666666
2023-06-21,1148.74,18.973333333333333
2023-06-22,1149.9009999999998,18.927
2023-06-23,1151.062,18.880666666666666
2023-06-24,1152.223,18.834333333333333
2023-06-25,1153.384,18.788
2023-06-26,1154.5449999999998,18.741666666666667
2023-06-27,1155.706,18.695333333333334
2023-06-28,1156.867,18.649
2023-06-29,1158.028,18.602666666666668
2023-06-30,1159.1889999999999,18.556333333333335
2023-07-01,1160.35,18.51
2023-07-02,1160.636451612903,18.593870967741935
2023-07-03,1160.9229032258063,18.677741935483873
2023-07-04,1161.2093548387095,18.761612903225807
2023-07-05,1161.495806451613,18.845483870967744
2023-07-06,1161.782258064516,18.929354838709678
2023-07-07,1162.0687096774193,19.013225806451615
2023-07-08,1162.3551612903225,19.09709677419355
2023-07-09,1162.6416129032257,19.180967741935486
2023-07-10,1162.9280645161289,19.26483870967742
2023-07-11,1163.2145161290323,19.348709677419357
2023-07-12,1163.5009677419355,19.43258064516129
2023-07-13,1163.7874193548387,19.516451612903225
2023-07-14,1164.0738709677419,19.600322580645162
2023-07-15,1164.360322580645,19.684193548387096
2023-07-16,1164.6467741935483,19.768064516129034
2023-07-17,1164.9332258064517,19.851935483870967
2023-07-18,1165.2196774193549,19.935806451612905
2023-07-19,1165.506129032258,20.01967741935484
2023-07-20,1165.7925806451613,20.103548387096776
2023-07-21,1166.0790322580644,20.18741935483871
2023-07-22,1166.3654838709676,20.271290322580647
2023-07-23,1166.651935483871,20.35516129032258
2023-07-24,1166.9383870967742,20.439032258064515
2023-07-25,1167.2248387096774,20.522903225806452
2023-07-26,1167.5112903225806,20.606774193548386
2023-07-27,1167.7977419354838,20.690645161290323
2023-07-28,1168.084193548387,20.774516129032257
2023-07-29,1168.3706451612904,20.858387096774194
2023-07-30,1168.6570967741936,20.94225806451613
2023-07-31,1168.9435483870968,21.026129032258066
2023-08-01,1169.23,21.11
2023-08-02,1166.8216129032257,21.06096774193548
2023-08-03,1164.4132258064517,21.011935483870968
2023-08-04,1162.0048387096774,20.96290322580645
2023-08-05,1159.5964516129031,20.913870967741936
2023-08-06,1157.188064516129,20.864838709677418
2023-08-07,1154.7796774193548,20.815806451612904
2023-08-08,1152.3712903225805,20.766774193548386
2023-08-09,1149.9629032258065,20.717741935483872
2023-08-10,1147.5545161290322,20.668709677419354
2023-08-11,1145.1461290322582,20.61967741935484
2023-08-12,1142.7377419354839,20.570645161290322
2023-08-13,1140.3293548387096,20.521612903225805
2023-08-14,1137.9209677419356,20.47258064516129
2023-08-15,1135.5125806451613,20.423548387096773
2023-08-16,1133.104193548387,20.37451612903226
2023-08-17,1130.695806451613,20.32548387096774
2023-08-18,1128.2874193548387,20.276451612903227
2023-08-19,1125.8790322580644,20.22741935483871
2023-08-20,1123.4706451612903,20.178387096774195
2023-08-21,1121.062258064516,20.129354838709677
2023-08-22,1118.6538709677418,20.08032258064516
2023-08-23,1116.2454838709677,20.031290322580645
2023-08-24,1113.8370967741935,19.982258064516127
2023-08-25,1111.4287096774194,19.933225806451613
2023-08-26,1109.0203225806451,19.884193548387096
2023-08-27,1106.6119354838709,19.83516129032258
2023-08-28,1104.2035483870968,19.786129032258064
2023-08-29,1101.7951612903225,19.73709677419355
2023-08-30,1099.3867741935483,19.68806451612903
2023-08-31,1096.9783870967742,19.639032258064518
2023-09-01,1094.57,19.59
2023-09-02,1095.9156666666665,19.672666666666668
2023-09-03,1097.2613333333334,19.755333333333333
2023-09-04,1098.607,19.838
2023-09-05,1099.9526666666666,19.920666666666666
2023-09-06,1101.2983333333332,20.003333333333334
2023-09-07,1102.644,20.086
2023-09-08,1103.9896666666666,20.168666666666667
2023-09-09,1105.3353333333332,20.251333333333335
2023-09-10,1106.681,20.334
2023-09-11,1108.0266666666666,20.416666666666668
2023-09-12,1109.3723333333332,20.499333333333333
2023-09-13,1110.718,20.582
2023-09-14,1112.0636666666667,20.664666666666665
2023-09-15,1113.4093333333333,20.747333333333334
2023-09-16,1114.755,20.83
2023-09-17,1116.1006666666667,20.912666666666667
2023-09-18,1117.4463333333333,20.995333333333335
2023-09-19,1118.792,21.078
2023-09-20,1120.1376666666667,21.160666666666668
2023-09-21,1121.4833333333333,21.243333333333332
2023-09-22,1122.829,21.326
2023-09-23,1124.1746666666668,21.408666666666665
2023-09-24,1125.5203333333334,21.491333333333333
2023-09-25,1126.866,21.574
2023-09-26,1128.2116666666666,21.656666666666666
2023-09-27,1129.5573333333334,21.739333333333335
2023-09-28,1130.903,21.822
2023-09-29,1132.2486666666666,21.904666666666667
2023-09-30,1133.5943333333335,21.987333333333332
2023-10-01,1134.94,22.07
2023-10-02,1136.4203225806452,22.008064516129032
2023-10-03,1137.9006451612904,21.946129032258064
2023-10-04,1139.3809677419356,21.884193548387096
2023-10-05,1140.8612903225808,21.82225806451613
2023-10-06,1142.341612903226,21.760322580645163
2023-10-07,1143.821935483871,21.698387096774194
2023-10-08,1145.302258064516,21.636451612903226
2023-10-09,1146.7825806451613,21.574516129032258
2023-10-10,1148.2629032258064,21.51258064516129
2023-10-11,1149.7432258064516,21.45064516129032
2023-10-12,1151.2235483870968,21.388709677419353
2023-10-13,1152.703870967742,21.32677419354839
2023-10-14,1154.1841935483872,21.26483870967742
2023-10-15,1155.6645161290323,21.202903225806452
2023-10-16,1157.1448387096775,21.140967741935484
2023-10-17,1158.6251612903225,21.079032258064515
2023-10-18,1160.1054838709676,21.017096774193547
2023-10-19,1161.5858064516128,20.95516129032258
2023-10-20,1163.066129032258,20.89322580645161
2023-10-21,1164.5464516129032,20.831290322580646
2023-10-22,1166.0267741935484,20.769354838709678
2023-10-23,1167.5070967741935,20.70741935483871
2023-10-24,1168.9874193548387,20.64548387096774
2023-10-25,1170.467741935484,20.583548387096773
2023-10-26,1171.948064516129,20.521612903225805
2023-10-27,1173.4283870967743,20.459677419354836
2023-10-28,1174.9087096774192,20.39774193548387
2023-10-29,1176.3890322580644,20.335806451612903
2023-10-30,1177.8693548387096,20.273870967741935
2023-10-31,1179.3496774193547,20.211935483870967
2023-11-01,1180.83,20.15
2023-11-02,1182.366,20.279333333333334
2023-11-03,1183.902,20.408666666666665
2023-11-04,1185.4379999999999,20.538
2023-11-05,1186.974,20.667333333333332
2023-11-06,1188.51,20.796666666666667
2023-11-07,1190.046,20.926
2023-11-08,1191.5819999999999,21.055333333333333
2023-11-09,1193.118,21.184666666666665
2023-11-10,1194.654,21.314
2023-11-11,1196.19,21.44333333333333
2023-11-12,1197.7259999999999,21.572666666666667
2023-11-13,1199.262,21.701999999999998
2023-11-14,1200.798,21.831333333333333
2023-11-15,1202.334,21.960666666666665
2023-11-16,1203.87,22.09
2023-11-17,1205.406,22.21933333333333
2023-11-18,1206.942,22.348666666666666
2023-11-19,1208.478,22.478
2023-11-20,1210.0140000000001,22.607333333333333
2023-11-21,1211.55,22.736666666666668
2023-11-22,1213.086,22.866
2023-11-23,1214.622,22.995333333333335
2023-11-24,1216.1580000000001,23.124666666666666
2023-11-25,1217.694,23.254
2023-11-26,1219.23,23.383333333333333
2023-11-27,1220.766,23.512666666666668
2023-11-28,1222.3020000000001,23.642
2023-11-29,1223.838,23.771333333333335
2023-11-30,1225.374,23.900666666666666
2023-12-01,1226.91,24.03
2023-12-02,1225.0109677419355,23.922903225806454
2023-12-03,1223.111935483871,23.815806451612904
2023-12-04,1221.2129032258065,23.708709677419357
2023-12-05,1219.313870967742,23.601612903225806
2023-12-06,1217.4148387096775,23.49451612903226
2023-12-07,1215.515806451613,23.387419354838713
2023-12-08,1213.6167741935485,23.280322580645162
2023-12-09,1211.717741935484,23.173225806451615
2023-12-10,1209.8187096774193,23.066129032258065
2023-12-11,1207.919677419355,22.959032258064518
2023-12-12,1206.0206451612903,22.851935483870967
2023-12-13,1204.121612903226,22.74483870967742
2023-12-14,1202.2225806451613,22.637741935483874
2023-12-15,1200.3235483870967,22.530645161290323
2023-12-16,1198.4245161290323,22.423548387096776
2023-12-17,1196.5254838709677,22.316451612903226
2023-12-18,1194.6264516129033,22.20935483870968
2023-12-19,1192.7274193548387,22.10225806451613
2023-12-20,1190.8283870967741,21.99516129032258
2023-12-21,1188.9293548387097,21.888064516129035
2023-12-22,1187.0303225806451,21.780967741935484
2023-12-23,1185.1312903225808,21.673870967741937
2023-12-24,1183.2322580645161,21.566774193548387
2023-12-25,1181.3332258064515,21.45967741935484
2023-12-26,1179.4341935483872,21.35258064516129
2023-12-27,1177.5351612903225,21.245483870967742
2023-12-28,1175.636129032258,21.138387096774196
2023-12-29,1173.7370967741936,21.031290322580645
2023-12-30,1171.838064516129,20.924193548387098
2023-12-31,1169.9390322580646,20.81709677419355
2024-01-01,1168.04,20.71
2024-01-02,1168.9606451612904,20.73774193548387
2024-01-03,1169.8812903225805,20.765483870967742
2024-01-04,1170.801935483871,20.793225806451613
2024-01-05,1171.7225806451613,20.820967741935483
2024-01-06,1172.6432258064515,20.848709677419354
2024-01-07,1173.5638709677419,20.876451612903228
2024-01-08,1174.4845161290323,20.9041935483871
2024-01-09,1175.4051612903224,20.93193548387097
2024-01-10,1176.3258064516128,20.95967741935484
2024-01-11,1177.2464516129032,20.98741935483871
2024-01-12,1178.1670967741934,21.01516129032258
2024-01-13,1179.0877419354838,21.04290322580645
2024-01-14,1180.0083870967742,21.070645161290322
2024-01-15,1180.9290322580644,21.098387096774193
2024-01-16,1181.8496774193547,21.126129032258063
2024-01-17,1182.7703225806451,21.153870967741938
2024-01-18,1183.6909677419355,21.18161290322581
2024-01-19,1184.6116129032257,21.20935483870968
2024-01-20,1185.532258064516,21.23709677419355
2024-01-21,1186.4529032258065,21.26483870967742
2024-01-22,1187.3735483870967,21.29258064516129
2024-01-23,1188.294193548387,21.32032258064516
2024-01-24,1189.2148387096775,21.348064516129032
2024-01-25,1190.1354838709676,21.375806451612902
2024-01-26,1191.056129032258,21.403548387096773
2024-01-27,1191.9767741935484,21.431290322580644
2024-01-28,1192.8974193548386,21.459032258064518
2024-01-29,1193.818064516129,21.48677419354839
2024-01-30,1194.7387096774194,21.51451612903226
2024-01-31,1195.6593548387095,21.54225806451613
2024-02-01,1196.58,21.57
2024-02-02,1195.4710344827586,21.634827586206896
2024-02-03,1194.3620689655172,21.69965517241379
2024-02-04,1193.2531034482759,21.76448275862069
2024-02-05,1192.1441379310345,21.829310344827586
2024-02-06,1191.0351724137931,21.894137931034482
2024-02-07,1189.9262068965518,21.958965517241378
2024-02-08,1188.8172413793104,22.023793103448277
2024-02-09,1187.7082758620688,22.088620689655173
2024-02-10,1186.5993103448275,22.15344827586207
2024-02-11,1185.4903448275861,22.218275862068964
2024-02-12,1184.3813793103448,22.283103448275863
2024-02-13,1183.2724137931034,22.34793103448276
2024-02-14,1182.163448275862,22.412758620689655
2024-02-15,1181.0544827586207,22.47758620689655
2024-02-16,1179.9455172413793,22.54241379310345
2024-02-17,1178.836551724138,22.607241379310345
2024-02-18,1177.7275862068966,22.67206896551724
2024-02-19,1176.6186206896552,22.736896551724136
2024-02-20,1175.5096551724139,22.801724137931036
2024-02-21,1174.4006896551725,22.86655172413793
2024-02-22,1173.2917241379312,22.931379310344827
2024-02-23,1172.1827586206896,22.996206896551723
2024-02-24,1171.0737931034482,23.061034482758622
2024-02-25,1169.9648275862069,23.125862068965517
2024-02-26,1168.8558620689655,23.190689655172413
2024-02-27,1167.7468965517241,23.25551724137931
2024-02-28,1166.6379310344828,23.320344827586208
2024-02-29,1165.5289655172414,23.385172413793104
2024-03-01,1164.42,23.45
2024-03-02,1164.7222580645162,23.356774193548386
2024-03-03,1165.0245161290322,23.263548387096773
2024-03-04,1165.3267741935485,23.17032258064516
2024-03-05,1165.6290322580646,23.07709677419355
2024-03-06,1165.9312903225807,22.983870967741936
2024-03-07,1166.2335483870968,22.890645161290323
2024-03-08,1166.5358064516129,22.79741935483871
2024-03-09,1166.8380645161292,22.704193548387096
2024-03-10,1167.1403225806453,22.610967741935482
2024-03-11,1167.4425806451613,22.51774193548387
2024-03-12,1167.7448387096774,22.424516129032256
2024-03-13,1168.0470967741935,22.331290322580646
2024-03-14,1168.3493548387098,22.238064516129032
2024-03-15,1168.651612903226,22.14483870967742
2024-03-16,1168.953870967742,22.051612903225806
2024-03-17,1169.256129032258,21.958387096774192
2024-03-18,1169.5583870967741,21.86516129032258
2024-03-19,1169.8606451612902,21.771935483870966
2024-03-20,1170.1629032258065,21.678709677419352
2024-03-21,1170.4651612903226,21.585483870967742
2024-03-22,1170.7674193548387,21.49225806451613
2024-03-23,1171.0696774193548,21.399032258064516
2024-03-24,1171.3719354838709,21.305806451612902
2024-03-25,1171.6741935483872,21.21258064516129
2024-03-26,1171.9764516129032,21.119354838709675
2024-03-27,1172.2787096774193,21.026129032258062
2024-03-28,1172.5809677419354,20.93290322580645
2024-03-29,1172.8832258064515,20.83967741935484
2024-03-30,1173.1854838709678,20.746451612903225
2024-03-31,1173.4877419354839,20.653225806451612
2024-04-01,1173.79,20.56
2024-04-02,1177.6,20.638666666666666
2024-04-03,1181.4099999999999,20.717333333333332
2024-04-04,1185.22,20.796
2024-04-05,1189.03,20.874666666666666
2024-04-06,1192.84,20.953333333333333
2024-04-07,1196.6499999999999,21.032
2024-04-08,1200.46,21.110666666666667
2024-04-09,1204.27,21.189333333333334
2024-04-10,1208.08,21.268
2024-04-11,1211.8899999999999,21.346666666666668
2024-04-12,1215.7,21.425333333333334
2024-04-13,1219.51,21.504
2024-04-14,1223.32,21.582666666666668
2024-04-15,1227.1299999999999,21.66133333333333
2024-04-16,1230.94,21.740000000000002
2024-04-17,1234.75,21.818666666666665
2024-04-18,1238.56,21.897333333333332
2024-04-19,1242.37,21.976
2024-04-20,1246.1799999999998,22.054666666666666
2024-04-21,1249.99,22.133333333333333
2024-04-22,1253.8,22.212
2024-04-23,1257.61,22.290666666666667
2024-04-24,1261.4199999999998,22.369333333333334
2024-04-25,1265.23,22.448
2024-04-26,1269.04,22.526666666666667
2024-04-27,1272.85,22.605333333333334
2024-04-28,1276.6599999999999,22.684
2024-04-29,1280.4699999999998,22.762666666666668
2024-04-30,1284.28,22.841333333333335
2024-05-01,1288.09,22.92
2024-05-02,1289.414516129032,22.977741935483873
2024-05-03,1290.7390322580645,23.035483870967745
2024-05-04,1292.0635483870967,23.093225806451613
2024-05-05,1293.388064516129,23.150967741935485
2024-05-06,1294.7125806451613,23.208709677419357
2024-05-07,1296.0370967741935,23.26645161290323
2024-05-08,1297.3616129032257,23.324193548387097
2024-05-09,1298.6861290322581,23.38193548387097
2024-05-10,1300.0106451612903,23.43967741935484
2024-05-11,1301.3351612903225,23.497419354838712
2024-05-12,1302.659677419355,23.55516129032258
2024-05-13,1303.984193548387,23.612903225806452
2024-05-14,1305.3087096774193,23.670645161290324
2024-05-15,1306.6332258064517,23.728387096774195
2024-05-16,1307.957741935484,23.786129032258067
2024-05-17,1309.282258064516,23.843870967741935
2024-05-18,1310.6067741935483,23.901612903225807
2024-05-19,1311.9312903225807,23.95935483870968
2024-05-20,1313.255806451613,24.01709677419355
2024-05-21,1314.580322580645,24.074838709677422
2024-05-22,1315.9048387096775,24.13258064516129
2024-05-23,1317.2293548387097,24.190322580645162
2024-05-24,1318.553870967742,24.248064516129034
2024-05-25,1319.8783870967743,24.305806451612906
2024-05-26,1321.2029032258065,24.363548387096774
2024-05-27,1322.5274193548387,24.421290322580646
2024-05-28,1323.851935483871,24.479032258064517
2024-05-29,1325.1764516129033,24.53677419354839
2024-05-30,1326.5009677419355,24.594516129032257
2024-05-31,1327.825483870968,24.65225806451613
2024-06-01,1329.15,24.71
2024-06-02,1327.2316666666668,24.570333333333334
2024-06-03,1325.3133333333335,24.430666666666667
2024-06-04,1323.395,24.291
2024-06-05,1321.4766666666667,24.151333333333334
2024-06-06,1319.5583333333334,24.011666666666667
2024-06-07,1317.64,23.872
2024-06-08,1315.7216666666668,23.732333333333333
2024-06-09,1313.8033333333333,23.592666666666666
2024-06-10,1311.885,23.453
2024-06-11,1309.9666666666667,23.313333333333333
2024-06-12,1308.0483333333334,23.173666666666666
2024-06-13,1306.13,23.034
2024-06-14,1304.2116666666666,22.894333333333332
2024-06-15,1302.2933333333333,22.754666666666665
2024-06-16,1300.375,22.615000000000002
2024-06-17,1298.4566666666667,22.47533333333333
2024-06-18,1296.5383333333334,22.33566666666667
2024-06-19,1294.62,22.195999999999998
2024-06-20,1292.7016666666666,22.056333333333335
2024-06-21,1290.7833333333333,21.916666666666668
2024-06-22,1288.865,21.777
2024-06-23,1286.9466666666667,21.637333333333334
2024-06-24,1285.0283333333332,21.497666666666667
2024-06-25,1283.11,21.358
2024-06-26,1281.1916666666666,21.218333333333334
2024-06-27,1279.2733333333333,21.078666666666667
2024-06-28,1277.355,20.939
2024-06-29,1275.4366666666665,20.799333333333333
2024-06-30,1273.5183333333332,20.659666666666666
2024-07-01,1271.6,20.52
2024-07-02,1273.781935483871,20.61225806451613
2024-07-03,1275.9638709677417,20.704516129032257
2024-07-04,1278.1458064516128,20.796774193548387
2024-07-05,1280.3277419354838,20.889032258064514
2024-07-06,1282.5096774193548,20.981290322580644
2024-07-07,1284.6916129032256,21.073548387096775
2024-07-08,1286.8735483870967,21.1658064516129
2024-07-09,1289.0554838709677,21.258064516129032
2024-07-10,1291.2374193548387,21.350322580645162
2024-07-11,1293.4193548387095,21.44258064516129
2024-07-12,1295.6012903225806,21.53483870967742
2024-07-13,1297.7832258064516,21.627096774193546
2024-07-14,1299.9651612903226,21.719354838709677
2024-07-15,1302.1470967741934,21.811612903225807
2024-07-16,1304.3290322580644,21.903870967741934
2024-07-17,1306.5109677419355,21.996129032258064
2024-07-18,1308.6929032258065,22.08838709677419
2024-07-19,1310.8748387096773,22.18064516129032
2024-07-20,1313.0567741935483,22.272903225806452
2024-07-21,1315.2387096774194,22.36516129032258
2024-07-22,1317.4206451612904,22.45741935483871
2024-07-23,1319.6025806451612,22.549677419354836
2024-07-24,1321.7845161290322,22.641935483870967
2024-07-25,1323.9664516129033,22.734193548387097
2024-07-26,1326.1483870967743,22.826451612903224
2024-07-27,1328.330322580645,22.918709677419354
2024-07-28,1330.5122580645161,23.01096774193548
2024-07-29,1332.6941935483871,23.10322580645161
2024-07-30,1334.8761290322582,23.195483870967742
2024-07-31,1337.058064516129,23.28774193548387
2024-08-01,1339.24,23.38
2024-08-02,1338.6522580645162,23.389354838709675
2024-08-03,1338.0645161290322,23.398709677419355
2024-08-04,1337.4767741935484,23.40806451612903
2024-08-05,1336.8890322580646,23.41741935483871
2024-08-06,1336.3012903225806,23.426774193548386
2024-08-07,1335.7135483870968,23.436129032258066
2024-08-08,1335.125806451613,23.445483870967742
2024-08-09,1334.538064516129,23.454838709677418
2024-08-10,1333.9503225806452,23.464193548387097
2024-08-11,1333.3625806451612,23.473548387096773
2024-08-12,1332.7748387096774,23.482903225806453
2024-08-13,1332.1870967741936,23.49225806451613
2024-08-14,1331.5993548387096,23.501612903225805
2024-08-15,1331.0116129032258,23.510967741935485
2024-08-16,1330.423870967742,23.52032258064516
2024-08-17,1329.836129032258,23.52967741935484
2024-08-18,1329.2483870967742,23.539032258064516
2024-08-19,1328.6606451612904,23.548387096774196
2024-08-20,1328.0729032258064,23.55774193548387
2024-08-21,1327.4851612903226,23.567096774193548
2024-08-22,1326.8974193548388,23.576451612903227
2024-08-23,1326.3096774193548,23.585806451612903
2024-08-24,1325.721935483871,23.595161290322583
2024-08-25,1325.134193548387,23.60451612903226
2024-08-26,1324.5464516129032,23.613870967741935
2024-08-27,1323.9587096774194,23.623225806451615
2024-08-28,1323.3709677419354,23.63258064516129
2024-08-29,1322.7832258064516,23.64193548387097
2024-08-30,1322.1954838709678,23.651290322580646
2024-08-31,1321.6077419354838,23.660645161290326
2024-09-01,1321.02,23.67
2024-09-02,1319.804,23.701666666666668
2024-09-03,1318.588,23.733333333333334
2024-09-04,1317.372,23.765
2024-09-05,1316.156,23.796666666666667
2024-09-06,1314.94,23.828333333333333
2024-09-07,1313.724,23.860000000000003
2024-09-08,1312.508,23.89166666666667
2024-09-09,1311.292,23.923333333333336
2024-09-10,1310.076,23.955000000000002
2024-09-11,1308.86,23.986666666666668
2024-09-12,1307.644,24.018333333333334
2024-09-13,1306.4279999999999,24.05
2024-09-14,1305.212,24.081666666666667
2024-09-15,1303.9959999999999,24.113333333333333
2024-09-16,1302.78,24.145000000000003
2024-09-17,1301.564,24.17666666666667
2024-09-18,1300.348,24.208333333333336
2024-09-19,1299.132,24.240000000000002
2024-09-20,1297.916,24.27166666666667
2024-09-21,1296.7,24.303333333333335
2024-09-22,1295.484,24.335
2024-09-23,1294.268,24.366666666666667
2024-09-24,1293.052,24.398333333333333
2024-09-25,1291.836,24.43
2024-09-26,1290.62,24.461666666666666
2024-09-27,1289.404,24.493333333333336
2024-09-28,1288.1879999999999,24.525000000000002
2024-09-29,1286.972,24.55666666666667
2024-09-30,1285.7559999999999,24.588333333333335
2024-10-01,1284.54,24.62
2024-10-02,1286.6109677419354,24.52806451612903
2024-10-03,1288.681935483871,24.436129032258066
2024-10-04,1290.7529032258064,24.344193548387096
2024-10-05,1292.8238709677419,24.25225806451613
2024-10-06,1294.8948387096773,24.16032258064516
2024-10-07,1296.965806451613,24.068387096774195
2024-10-08,1299.0367741935484,23.976451612903226
2024-10-09,1301.1077419354838,23.88451612903226
2024-10-10,1303.1787096774194,23.79258064516129
2024-10-11,1305.2496774193548,23.700645161290325
2024-10-12,1307.3206451612903,23.608709677419355
2024-10-13,1309.391612903226,23.516774193548386
2024-10-14,1311.4625806451613,23.42483870967742
2024-10-15,1313.5335483870967,23.33290322580645
2024-10-16,1315.6045161290322,23.240967741935485
2024-10-17,1317.6754838709678,23.149032258064516
2024-10-18,1319.7464516129032,23.05709677419355
2024-10-19,1321.8174193548386,22.96516129032258
2024-10-20,1323.8883870967743,22.873225806451615
2024-10-21,1325.9593548387097,22.781290322580645
2024-10-22,1328.0303225806451,22.689354838709676
2024-10-23,1330.1012903225806,22.59741935483871
2024-10-24,1332.1722580645162,22.50548387096774
2024-10-25,1334.2432258064516,22.413548387096775
2024-10-26,1336.314193548387,22.321612903225805
2024-10-27,1338.3851612903227,22.22967741935484
2024-10-28,1340.456129032258,22.13774193548387
2024-10-29,1342.5270967741935,22.045806451612904
2024-10-30,1344.598064516129,21.953870967741935
2024-10-31,1346.6690322580646,21.86193548387097
2024-11-01,1348.74,21.77
2024-11-02,1351.1633333333334,21.771666666666665
2024-11-03,1353.5866666666666,21.773333333333333
2024-11-04,1356.01,21.775
2024-11-05,1358.4333333333334,21.776666666666667
2024-11-06,1360.8566666666666,21.778333333333332
2024-11-07,1363.28,21.78
2024-11-08,1365.7033333333334,21.781666666666666
2024-11-09,1368.1266666666668,21.78333333333333
2024-11-10,1370.55,21.785
2024-11-11,1372.9733333333334,21.786666666666665
2024-11-12,1375.3966666666668,21.788333333333334
2024-11-13,1377.82,21.79
2024-11-14,1380.2433333333333,21.791666666666668
2024-11-15,1382.6666666666667,21.793333333333333
2024-11-16,1385.0900000000001,21.795
2024-11-17,1387.5133333333333,21.796666666666667
2024-11-18,1389.9366666666667,21.798333333333332
2024-11-19,1392.3600000000001,21.8
2024-11-20,1394.7833333333333,21.801666666666666
2024-11-21,1397.2066666666667,21.803333333333335
2024-11-22,1399.63,21.805
2024-11-23,1402.0533333333333,21.80666666666667
2024-11-24,1404.4766666666667,21.808333333333334
2024-11-25,1406.9,21.81
2024-11-26,1409.3233333333333,21.811666666666667
2024-11-27,1411.7466666666667,21.813333333333333
2024-11-28,1414.17,21.815
2024-11-29,1416.5933333333335,21.816666666666666
2024-11-30,1419.0166666666667,21.818333333333335
2024-12-01,1421.44,21.82
2024-12-02,1419.3487096774195,21.91483870967742
2024-12-03,1417.2574193548387,22.00967741935484
2024-12-04,1415.1661290322581,22.10451612903226
2024-12-05,1413.0748387096774,22.199354838709677
2024-12-06,1410.9835483870968,22.294193548387096
2024-12-07,1408.8922580645162,22.389032258064518
2024-12-08,1406.8009677419354,22.483870967741936
2024-12-09,1404.7096774193549,22.578709677419354
2024-12-10,1402.6183870967743,22.673548387096776
2024-12-11,1400.5270967741935,22.768387096774195
2024-12-12,1398.435806451613,22.863225806451613
2024-12-13,1396.3445161290322,22.958064516129035
2024-12-14,1394.2532258064516,23.052903225806453
2024-12-15,1392.161935483871,23.14774193548387
2024-12-16,1390.0706451612903,23.24258064516129
2024-12-17,1387.9793548387097,23.337419354838712
2024-12-18,1385.888064516129,23.43225806451613
2024-12-19,1383.7967741935483,23.52709677419355
2024-12-20,1381.7054838709678,23.62193548387097
2024-12-21,1379.614193548387,23.71677419354839
2024-12-22,1377.5229032258064,23.811612903225807
2024-12-23,1375.4316129032259,23.906451612903226
2024-12-24,1373.340322580645,24.001290322580648
2024-12-25,1371.2490322580645,24.096129032258066
2024-12-26,1369.1577419354837,24.190967741935484
2024-12-27,1367.0664516129032,24.285806451612906
2024-12-28,1364.9751612903226,24.380645161290325
2024-12-29,1362.8838709677418,24.475483870967743
2024-12-30,1360.7925806451613,24.57032258064516
2024-12-31,1358.7012903225805,24.665161290322583
2025-01-01,1356.61,24.76
2025-01-02,1359.6387096774192,24.754838709677422
2025-01-03,1362.6674193548386,24.74967741935484
2025-01-04,1365.6961290322579,24.74451612903226
2025-01-05,1368.7248387096774,24.73935483870968
2025-01-06,1371.7535483870968,24.734193548387097
2025-01-07,1374.782258064516,24.729032258064517
2025-01-08,1377.8109677419354,24.723870967741938
2025-01-09,1380.8396774193548,24.718709677419355
2025-01-10,1383.868387096774,24.713548387096775
2025-01-11,1386.8970967741934,24.708387096774196
2025-01-12,1389.9258064516127,24.703225806451613
2025-01-13,1392.9545161290323,24.698064516129033
2025-01-14,1395.9832258064516,24.692903225806454
2025-01-15,1399.011935483871,24.68774193548387
2025-01-16,1402.0406451612903,24.68258064516129
2025-01-17,1405.0693548387096,24.67741935483871
2025-01-18,1408.098064516129,24.672258064516132
2025-01-19,1411.1267741935483,24.66709677419355
2025-01-20,1414.1554838709676,24.66193548387097
2025-01-21,1417.1841935483872,24.65677419354839
2025-01-22,1420.2129032258065,24.651612903225807
2025-01-23,1423.2416129032258,24.646451612903228
2025-01-24,1426.2703225806451,24.641290322580648
2025-01-25,1429.2990322580645,24.636129032258065
2025-01-26,1432.3277419354838,24.630967741935486
2025-01-27,1435.3564516129031,24.625806451612906
2025-01-28,1438.3851612903227,24.620645161290323
2025-01-29,1441.413870967742,24.615483870967743
2025-01-30,1444.4425806451613,24.610322580645164
2025-01-31,1447.4712903225807,24.60516129032258
2025-02-01,1450.5,24.6
2025-02-02,1443.5232142857144,24.60357142857143
2025-02-03,1436.5464285714286,24.607142857142858
2025-02-04,1429.5696428571428,24.610714285714288
2025-02-05,1422.5928571428572,24.614285714285714
2025-02-06,1415.6160714285716,24.617857142857144
2025-02-07,1408.6392857142857,24.621428571428574
2025-02-08,1401.6625,24.625
2025-02-09,1394.6857142857143,24.62857142857143
2025-02-10,1387.7089285714287,24.632142857142856
2025-02-11,1380.732142857143,24.635714285714286
2025-02-12,1373.755357142857,24.639285714285716
2025-02-13,1366.7785714285715,24.642857142857142
2025-02-14,1359.8017857142859,24.646428571428572
2025-02-15,1352.825,24.65
2025-02-16,1345.8482142857142,24.65357142857143
2025-02-17,1338.8714285714286,24.65714285714286
2025-02-18,1331.894642857143,24.660714285714285
2025-02-19,1324.9178571428572,24.664285714285715
2025-02-20,1317.9410714285714,24.667857142857144
2025-02-21,1310.9642857142858,24.67142857142857
2025-02-22,1303.9875000000002,24.675
2025-02-23,1297.0107142857144,24.678571428571427
2025-02-24,1290.0339285714285,24.682142857142857
2025-02-25,1283.057142857143,24.685714285714287
2025-02-26,1276.0803571428573,24.689285714285713
2025-02-27,1269.1035714285715,24.692857142857143
2025-02-28,1262.1267857142857,24.69642857142857
2025-03-01,1255.15,24.7
2025-03-02,1261.1483870967743,24.710322580645162
2025-03-03,1267.1467741935485,24.72064516129032
2025-03-04,1273.1451612903227,24.730967741935483
2025-03-05,1279.1435483870969,24.741290322580646
2025-03-06,1285.141935483871,24.751612903225805
2025-03-07,1291.1403225806453,24.761935483870968
2025-03-08,1297.1387096774195,24.77225806451613
2025-03-09,1303.1370967741937,24.78258064516129
2025-03-10,1309.1354838709678,24.79290322580645
2025-03-11,1315.133870967742,24.80322580645161
2025-03-12,1321.1322580645162,24.813548387096773
2025-03-13,1327.1306451612904,24.823870967741936
2025-03-14,1333.1290322580646,24.834193548387095
2025-03-15,1339.1274193548388,24.844516129032257
2025-03-16,1345.1258064516128,24.85483870967742
2025-03-17,1351.1241935483872,24.86516129032258
2025-03-18,1357.1225806451612,24.87548387096774
2025-03-19,1363.1209677419354,24.885806451612904
2025-03-20,1369.1193548387096,24.896129032258063
2025-03-21,1375.1177419354838,24.906451612903226
2025-03-22,1381.116129032258,24.916774193548388
2025-03-23,1387.1145161290322,24.927096774193547
2025-03-24,1393.1129032258063,24.93741935483871
2025-03-25,1399.1112903225805,24.94774193548387
2025-03-26,1405.1096774193547,24.95806451612903
2025-03-27,1411.108064516129,24.968387096774194
2025-03-28,1417.1064516129031,24.978709677419353
2025-03-29,1423.1048387096773,24.989032258064515
2025-03-30,1429.1032258064515,24.999354838709678
2025-03-31,1435.1016129032257,25.009677419354837
2025-04-01,1441.1,25.02
